EventCount, EventType, OldIDs, NewID, Time, NewVol, X, Y, Z, U, V, W, L1, L2, L3
1, Split,1,2, 1.05369E+01,4.5463362643755230E-04,  8.088852050019E+00, -9.832573403987E-01, -3.837446437350E-01,  8.893109375036E-01,  8.085822822806E-02,  2.326208459314E-02,  0.000000000000E+00,  0.000000000000E+00,  0.000000000000E+00
2, Split,1,3, 1.07670E+01,2.0895416267825928E-04,  7.146587042546E+00, -5.076329857858E-01, -1.393368744401E+00,  1.121904818598E-02,  3.662615794833E-02,  8.898320988468E-02,  0.000000000000E+00,  0.000000000000E+00,  0.000000000000E+00
3, Split,1,4, 1.07670E+01,2.4227010556393658E-04,  7.345151138425E+00, -5.701736250996E-01, -1.247987402360E+00,  1.339511924681E-01, -1.285506573972E-02,  1.144106831092E-01,  0.000000000000E+00,  0.000000000000E+00,  0.000000000000E+00
4, Split,1,5, 1.10348E+01,5.9121678083174597E-05,  7.325123089701E+00, -4.008198782716E-01, -1.507819283521E+00,  5.349110446185E-02,  8.762284828029E-02,  3.118576801124E-02,  0.000000000000E+00,  0.000000000000E+00,  0.000000000000E+00
5, Split,1,6, 1.10348E+01,4.2806568515338654E-04,  7.650632789023E+00, -8.216431353971E-01, -1.217645842596E+00,  3.731125563420E-01, -1.097005176730E-01,  2.563921737224E-02,  0.000000000000E+00,  0.000000000000E+00,  0.000000000000E+00
6, Merge,1;6;,1, 1.13720E+01,8.9062620028930386E+00
7, Split,1,7, 1.14283E+01,3.5980825863544941E-04,  8.730691094373E+00,  7.568843186601E-01, -1.281016649837E-01,  1.007610217778E+00, -9.139710345049E-02, -1.082856440726E-02,  0.000000000000E+00,  0.000000000000E+00,  0.000000000000E+00
8, Split,3,8, 1.14471E+01,2.0864535020532042E-04,  7.197459827210E+00, -4.602642181844E-01, -1.299743299074E+00,  7.280580858698E-02,  6.253547704774E-02,  1.426937543289E-01,  0.000000000000E+00,  0.000000000000E+00,  0.000000000000E+00
9, Split,3,9, 1.14471E+01,3.0881101095513159E-07,  7.030802407251E+00, -4.896526564390E-01, -1.333603958800E+00,  6.374300315215E-02,  2.434793925480E-01,  3.227477095808E-01,  0.000000000000E+00,  0.000000000000E+00,  0.000000000000E+00
10, Split,1,10, 1.15245E+01,4.4435115558800024E-09,  8.085937500000E+00, -8.178829810281E-01, -1.335937500000E+00, -1.012852756582E-01,  1.058870648851E-01, -8.367004784523E-02,  0.000000000000E+00,  0.000000000000E+00,  0.000000000000E+00
11, Split,1,11, 1.15446E+01,9.9588830427966265E-11,  8.226562500000E+00, -1.382812500000E+00,  6.328125000000E-01,  3.752901672439E-02, -8.905924465447E-02,  5.258877592962E-02,  0.000000000000E+00,  0.000000000000E+00,  0.000000000000E+00
12, Merge,1;11;,1, 1.16037E+01,9.0869163855371902E+00
13, Split,4,12, 1.16037E+01,1.0516270176848046E-04,  7.465398825584E+00, -4.850872732006E-01, -1.081759796530E+00,  2.746322008445E-01,  4.821043548807E-02,  1.884133952061E-01,  2.350037842300E+03,  7.529262847874E+02,  2.600134071203E+02
14, Split,4,13, 1.16037E+01,1.3710740831380714E-04,  7.516955928951E+00, -6.638206368941E-01, -1.060683299820E+00,  2.187248543383E-01, -3.999348166931E-02,  2.532119764321E-01,  2.075114311753E+03,  6.865719161137E+02,  2.269314489596E+02
15, Split,1,14, 1.17782E+01,1.1025050166496260E-06,  7.617222272685E+00, -1.382812500000E+00,  8.778801119040E-01, -6.183656134769E-02,  3.012239208270E-01, -8.470729681158E-02,  0.000000000000E+00,  0.000000000000E+00,  0.000000000000E+00
16, Split,1,15, 1.17974E+01,2.0097668271624422E-04,  7.744989559771E+00, -3.352272034098E-01, -1.384284347496E+00,  2.089609941170E-02,  1.565890313125E-02,  4.596583451742E-02,  0.000000000000E+00,  0.000000000000E+00,  0.000000000000E+00
17, Split,10,16, 1.18167E+01,2.3030603206671451E-10,  8.179687500000E+00, -7.734375000000E-01, -1.335937500000E+00, -1.343292378565E-01,  1.115933505789E-01, -5.266460924839E-02,  0.000000000000E+00,  0.000000000000E+00,  0.000000000000E+00
18, Split,10,17, 1.18167E+01,4.2132052685156302E-09,  8.228347854524E+00, -8.203125000000E-01, -1.335937500000E+00, -1.114384129168E-01,  1.120425291116E-01, -7.987190283019E-02,  0.000000000000E+00,  0.000000000000E+00,  0.000000000000E+00
19, Split,1,18, 1.18167E+01,4.1493608178871173E-04,  7.984913411044E+00,  2.591474750138E-02, -1.262626535363E+00,  3.061433083793E-01,  1.339057832936E-01,  8.928668246409E-02,  0.000000000000E+00,  0.000000000000E+00,  0.000000000000E+00
20, Split,1,19, 1.19693E+01,5.1746728129105208E-10,  9.304687500000E+00, -9.609375000000E-01,  5.859375000000E-01,  7.843894841922E-01,  8.926063444265E-03, -3.911854010790E-02,  0.000000000000E+00,  0.000000000000E+00,  0.000000000000E+00
21, Split,1,20, 1.20067E+01,4.3167163521729202E-04,  8.025536632292E+00, -9.144792682639E-01, -1.165760946333E+00,  3.181957080148E-01, -4.218148032458E-02,  7.102476215973E-02,  0.000000000000E+00,  0.000000000000E+00,  0.000000000000E+00
22, Split,1,21, 1.21583E+01,4.8455457166870049E-04,  8.297746458229E+00,  8.232026763106E-01, -4.775177261095E-01,  3.637099503477E-01, -2.159296796998E-01,  2.498761755986E-03,  0.000000000000E+00,  0.000000000000E+00,  0.000000000000E+00
23, Split,2,22, 1.21776E+01,4.5437271237331738E-04,  9.823032235394E+00, -8.807981473706E-01, -2.299171131329E-01,  1.058707712973E+00, -3.069738580269E-02,  1.109238310150E-01,  0.000000000000E+00,  0.000000000000E+00,  0.000000000000E+00
24, Split,2,23, 1.21776E+01,8.2275975348909987E-08,  9.773437500000E+00, -9.139239057780E-01, -3.984375000000E-01,  8.265389519544E-01, -4.164510402551E-02, -1.699639486929E-01,  0.000000000000E+00,  0.000000000000E+00,  0.000000000000E+00
25, Split,1,24, 1.22537E+01,1.3059297660914442E-06,  7.726105702377E+00, -8.671875005159E-01, -1.242187727786E+00,  1.100860106203E-02,  1.687864753418E-01,  1.484548908672E-01,  0.000000000000E+00,  0.000000000000E+00,  0.000000000000E+00
26, Split,1,25, 1.22537E+01,1.7595063917860836E-04,  9.282493122885E+00,  1.085054877907E+00, -1.660826818834E-01,  8.619628437755E-01,  5.847346792667E-02,  7.528077585689E-02,  0.000000000000E+00,  0.000000000000E+00,  0.000000000000E+00
27, Split,23,26, 1.22721E+01,8.0931077767989288E-08,  9.914062500000E+00, -9.140625000000E-01, -3.984375000000E-01,  7.789816121884E-01, -8.107606422529E-02, -1.942939274481E-01,  0.000000000000E+00,  0.000000000000E+00,  0.000000000000E+00
28, Split,23,27, 1.22721E+01,1.3449038898480533E-09,  9.867187500000E+00, -9.609375000000E-01, -3.984375000000E-01,  6.590398872353E-01, -3.870613254298E-02, -2.599688760041E-01,  0.000000000000E+00,  0.000000000000E+00,  0.000000000000E+00
29, Merge,1;24;,1, 1.22906E+01,9.6218453891212317E+00
30, Split,15,28, 1.23089E+01,5.9241177798677376E-05,  7.713928773920E+00, -4.241440590863E-01, -1.223840350563E+00, -5.821410858102E-03, -7.031959372260E-02,  1.930296259328E-01,  0.000000000000E+00,  0.000000000000E+00,  0.000000000000E+00
31, Split,15,29, 1.23089E+01,1.4173550506768682E-04,  7.773506771020E+00, -2.842172165282E-01, -1.414199501253E+00,  4.966914367179E-02,  8.242948088182E-02,  1.819869481616E-02,  0.000000000000E+00,  0.000000000000E+00,  0.000000000000E+00
32, Split,1,30, 1.23271E+01,1.3176112707483461E-06,  7.713982601451E+00, -8.671607186570E-01, -1.242187500000E+00, -1.357900751285E-02,  1.663623539150E-01,  1.668473860448E-01,  0.000000000000E+00,  0.000000000000E+00,  0.000000000000E+00
33, Merge,1;30;,1, 1.23822E+01,9.6933574897450470E+00
34, Split,1,31, 1.24007E+01,1.3212786934846077E-06,  7.710937500000E+00, -8.671607984271E-01, -1.242187500000E+00, -3.190978740977E-02,  1.607369878757E-01,  1.835820818111E-01,  0.000000000000E+00,  0.000000000000E+00,  0.000000000000E+00
35, Merge,1;19;,1, 1.24195E+01,9.7225125208354637E+00
36, Split,1,32, 1.24577E+01,1.3649156936376127E-08,  7.710937500000E+00, -1.148437500000E+00, -1.195312500000E+00,  1.017196424710E-02,  1.232063936427E-01,  1.314052860346E-01,  0.000000000000E+00,  0.000000000000E+00,  0.000000000000E+00
37, Split,25,33, 1.24577E+01,2.9665444376824859E-09,  9.398437500000E+00,  1.148437500000E+00, -2.109375000000E-01,  6.834584189798E-01,  2.568691068537E-02,  8.630769539121E-02,  0.000000000000E+00,  0.000000000000E+00,  0.000000000000E+00
38, Split,25,34, 1.24577E+01,1.7594767904131260E-04,  9.464696184879E+00,  1.101213637197E+00, -1.425636437296E-01,  8.484613722310E-01,  5.671963439452E-02,  9.870863985220E-02,  0.000000000000E+00,  0.000000000000E+00,  0.000000000000E+00
39, Split,1,35, 1.24769E+01,1.3704797441249701E-04,  8.437560515694E+00, -5.002533419495E-01,  8.869939235432E-01,  3.254080866831E-01,  1.263375329315E-02, -1.036127471157E-01,  0.000000000000E+00,  0.000000000000E+00,  0.000000000000E+00
40, Merge,1;33;,1, 1.24963E+01,9.7823366685446818E+00
41, Split,21,36, 1.24963E+01,1.4428692245534961E-04,  8.558176210074E+00,  8.046440333387E-01, -3.993763882484E-01,  5.840095567826E-01, -2.270893433232E-01,  2.766466681073E-02,  2.378638701894E+03,  4.945741202211E+02,  2.410879120234E+02
42, Split,21,37, 1.24963E+01,3.4026639158027129E-04,  8.376563914374E+00,  6.954054419368E-01, -5.091798784158E-01,  4.091175859413E-01, -2.492598267364E-01, -9.296237501155E-03,  1.511622799577E+03,  3.184886571355E+02,  1.574365040115E+02
43, Split,1,38, 1.24963E+01,1.0164480844076345E-11,  9.632812500000E+00, -1.007810671334E+00,  5.859375000000E-01,  1.137620351093E+00, -3.796112820574E-02, -3.676112087557E-02,  1.049614978975E+07,  2.038022137708E+06,  9.089397617481E+05
44, Split,38,39, 1.25151E+01,3.9653207589364000E-16,  9.632812500000E+00, -1.007812500000E+00,  6.328125000000E-01,  8.108936920718E-01, -1.201001830125E-01,  1.243720058757E-02,  0.000000000000E+00,  0.000000000000E+00,  0.000000000000E+00
45, Split,38,40, 1.25151E+01,1.0164084015700546E-11,  9.679687500000E+00, -1.051230005898E+00,  5.859375000000E-01,  8.575189491358E-01, -6.955312712519E-02, -2.635535107630E-02,  0.000000000000E+00,  0.000000000000E+00,  0.000000000000E+00
46, Merge,1;39;,1, 1.25341E+01,9.8118487317424101E+00
47, Merge,1;40;,1, 1.25716E+01,9.8401309173956193E+00
48, Split,1,41, 1.25716E+01,1.0656717235974519E-03,  9.686472998491E+00,  5.671913629966E-01, -9.384580993934E-01,  9.971945170102E-01,  6.441534815348E-02, -1.090660459530E-02,  1.031768055992E+03,  1.904274742455E+02,  8.901668267259E+01
49, Split,1,42, 1.26094E+01,6.5114788269942455E-04,  7.982841569212E+00, -1.036884230755E+00, -1.185372201077E+00,  8.566304751682E-02,  7.422846792359E-02,  6.871747748995E-02,  0.000000000000E+00,  0.000000000000E+00,  0.000000000000E+00
50, Split,22,43, 1.26286E+01,4.5432935413289169E-04,  1.030848412251E+01, -9.123770777998E-01, -1.639832478999E-01,  9.405922438297E-01, -8.278855776376E-02,  8.722133467557E-02,  0.000000000000E+00,  0.000000000000E+00,  0.000000000000E+00
51, Split,22,44, 1.26286E+01,4.3381437626961744E-08,  1.028906250000E+01, -9.140625000000E-01, -3.515625000000E-01,  6.113865368889E-01, -8.179724590988E-02, -1.324635957262E-01,  0.000000000000E+00,  0.000000000000E+00,  0.000000000000E+00
52, Split,42,45, 1.26871E+01,1.5175180183835177E-07,  7.839952811816E+00, -9.971473360093E-01, -1.242187500000E+00, -4.264546256980E-03,  1.215139369096E-01,  1.268179749478E-01,  0.000000000000E+00,  0.000000000000E+00,  0.000000000000E+00
53, Split,42,46, 1.26871E+01,6.5096030899396259E-04,  7.992745053074E+00, -1.031361122491E+00, -1.179345370931E+00,  8.049580086786E-02,  7.682921648443E-02,  7.378944170112E-02,  0.000000000000E+00,  0.000000000000E+00,  0.000000000000E+00
54, Split,42,47, 1.26871E+01,3.5821001335883044E-08,  7.841804812982E+00, -1.148437500000E+00, -1.148437500000E+00,  7.780990032222E-02,  8.560117162945E-02,  1.165390905589E-01,  0.000000000000E+00,  0.000000000000E+00,  0.000000000000E+00
55, Split,1,48, 1.27653E+01,8.4124999089562258E-04,  9.223873102375E+00,  6.227171655304E-01, -7.585180255157E-01,  5.993311392590E-01, -8.070537933777E-02,  2.018818536980E-01,  0.000000000000E+00,  0.000000000000E+00,  0.000000000000E+00
56, Merge,1;48;,1, 1.28045E+01,1.0021297866827691E+01
57, Split,43,49, 1.28045E+01,4.5428724219016229E-04,  1.047494222545E+01, -9.325567393520E-01, -1.409729828773E-01,  8.879970534347E-01, -9.341785463560E-02,  7.282696125265E-02,  1.764102831471E+03,  2.512626731150E+02,  1.345121455025E+02
58, Split,43,50, 1.28045E+01,4.2148877681845931E-08,  1.047656250000E+01, -9.140625000000E-01, -3.046875000000E-01,  7.263447163360E-01,  5.388203203696E-03, -9.785963977844E-02,  1.832602732553E+05,  2.654941441674E+04,  1.387854510500E+04
59, Split,29,51, 1.28242E+01,2.9409877378935786E-05,  7.763935860365E+00, -3.424764249298E-01, -1.346995503357E+00, -3.079515285654E-02,  1.079102322911E-02,  4.576398687126E-02,  0.000000000000E+00,  0.000000000000E+00,  0.000000000000E+00
60, Split,29,52, 1.28242E+01,1.1232562869846447E-04,  7.831109563536E+00, -1.771029097677E-01, -1.404819341251E+00,  8.494037504576E-02,  2.105699922996E-01,  3.901579126462E-03,  0.000000000000E+00,  0.000000000000E+00,  0.000000000000E+00
61, Merge,1;34;,1, 1.28845E+01,1.0083951305371365E+01
62, Merge,44;50;,53, 1.29049E+01,8.5530316201792398E-08
63, Merge,26;53;,54, 1.29252E+01,1.6646140550407657E-07
64, Split,1,55, 1.29252E+01,8.3992181904906402E-04,  9.322961021011E+00,  6.088311126536E-01, -7.238774890792E-01,  6.256554029246E-01, -7.965447250298E-02,  2.122759231454E-01,  6.297538444109E-02,  1.057237776068E-03,  5.613784420978E-10
65, Split,1,56, 1.29656E+01,1.4151702361045945E-08,  9.398437500000E+00, -1.429687500000E+00, -6.328125000000E-01, -2.960154036384E-02, -8.182340303609E-02,  1.133166678531E-01,  0.000000000000E+00,  0.000000000000E+00,  0.000000000000E+00
66, Split,1,57, 1.29656E+01,1.7594735489637997E-04,  9.894341686602E+00,  1.136395967081E+00, -7.208449012825E-02,  7.906846082775E-01,  3.573121942678E-02,  1.252903579764E-01,  0.000000000000E+00,  0.000000000000E+00,  0.000000000000E+00
67, Merge,1;56;,1, 1.30253E+01,1.0192964762818811E+01
68, Split,1,58, 1.30253E+01,4.6996095789777285E-08,  8.251716682000E+00, -1.640625000000E-01,  1.429687500000E+00,  2.099945740107E-02,  1.210636944978E-01, -1.360702602930E-01,  1.305098338570E+05,  4.453075545876E+04,  1.348422355475E+04
69, Split,49,59, 1.30253E+01,4.5428729261377072E-04,  1.067115762800E+01, -9.603950074284E-01, -1.183067928344E-01,  8.416165714067E-01, -9.743142773306E-02,  3.703074436971E-02,  1.814123965742E+03,  2.575649515158E+02,  1.360080234408E+02
70, Split,49,60, 1.30253E+01,1.3723556658062673E-13,  1.071093750000E+01, -9.140625000000E-01, -2.578125000000E-01,  8.528934792943E-01,  1.166184739750E-02, -7.541197873099E-02,  1.049157236129E+08,  1.461886413597E+07,  7.782074586187E+06
71, Merge,1;57;,1, 1.30454E+01,1.0208851605121515E+01
72, Split,1,61, 1.30454E+01,4.5813996309188065E-07,  8.413052582228E+00, -8.671875000000E-01, -1.289062500000E+00, -5.298152836698E-03,  1.316084940752E-01,  8.151551856008E-02,  4.271422807351E+04,  1.532365444003E+04,  4.225450547848E+03
73, Split,1,62, 1.31445E+01,1.0986676977269990E-11,  8.789062500000E+00,  3.984375000000E-01,  1.476562500000E+00,  2.012530935420E-01, -4.119231122871E-02, -5.831936814051E-02,  0.000000000000E+00,  0.000000000000E+00,  0.000000000000E+00
74, Merge,1;62;,1, 1.31641E+01,1.0301568855215908E+01
75, Merge,1;36;,1, 1.31838E+01,1.0317045753306996E+01
76, Merge,27;54;,63, 1.32033E+01,1.6780627765628463E-07
77, Split,1,64, 1.32033E+01,8.6044827235752858E-06,  8.616670861848E+00, -8.751310405408E-01, -1.241653863249E+00,  4.942206849034E-02,  7.084055792846E-03,  8.375531708641E-02,  6.645738888691E-01,  1.228907008998E-03,  3.960959441930E-04
78, Split,1,65, 1.32033E+01,1.4553245125579311E-08,  9.914062500000E+00, -1.171875000000E-01, -1.126265301176E+00,  8.688807586515E-01, -1.615711705016E-01, -2.306980662073E-02,  9.592325443038E+00,  2.375803413574E-02,  6.854883545652E-03
79, Merge,1;65;,1, 1.32230E+01,1.0347100215601422E+01
80, Split,1,66, 1.32230E+01,1.4429447492863968E-04,  9.042221237200E+00,  5.718895763568E-01, -4.134297608969E-01,  6.005997994786E-01, -3.259372004706E-01, -8.244642783049E-02,  2.575779358814E+03,  4.285463386709E+02,  2.490038358498E+02
81, Split,1,67, 1.32230E+01,4.5246411582065447E-04,  9.251519523567E+00,  6.128753697589E-01, -3.644259255110E-01,  7.087941214619E-01, -1.960140056849E-01,  1.722159794076E-01,  1.493936638918E+03,  2.389428619027E+02,  1.404808750402E+02
82, Split,41,68, 1.32230E+01,8.1779735995134530E-04,  1.029046470027E+01,  7.082782969414E-01, -9.591232207365E-01,  9.544435531912E-01,  2.077719087894E-01, -1.416770129655E-01,  1.289581262332E+03,  2.354361234366E+02,  1.044800640247E+02
83, Split,41,69, 1.32230E+01,2.4760381448763884E-04,  1.044730009047E+01,  5.148292354239E-01, -1.111635370468E+00,  9.868126294535E-01,  2.224120969667E-01, -1.724230233860E-01,  2.396556347987E+03,  4.311974808295E+02,  1.890782310968E+02
84, Split,1,70, 1.32426E+01,9.9183853040616109E-09,  9.502781584729E+00, -1.429687500000E+00, -5.859375000000E-01, -5.308418235305E-02, -5.367068803291E-02,  1.774047533252E-01,  0.000000000000E+00,  0.000000000000E+00,  0.000000000000E+00
85, Merge,1;66;,1, 1.32626E+01,1.0378146618261743E+01
86, Split,64,71, 1.32825E+01,1.6587040123023083E-09,  8.423986252626E+00, -8.671875000000E-01, -1.242187500000E+00,  6.038196591169E-02,  1.221748870685E-01,  8.108582088827E-02,  0.000000000000E+00,  0.000000000000E+00,  0.000000000000E+00
87, Split,64,72, 1.32825E+01,8.6028239589352047E-06,  8.633842328208E+00, -8.722788285322E-01, -1.237704831563E+00,  3.706408902719E-02,  1.212029113207E-02,  8.865220099186E-02,  0.000000000000E+00,  0.000000000000E+00,  0.000000000000E+00
88, Split,1,73, 1.33026E+01,1.7231295349430166E-03,  8.433894811022E+00, -1.278103815378E+00, -9.763521001689E-01,  2.738988694874E-01,  4.215786097434E-03,  3.964151885321E-02,  0.000000000000E+00,  0.000000000000E+00,  0.000000000000E+00
89, Split,1,74, 1.33026E+01,4.6444272827395598E-04,  1.000399972994E+01,  7.395801414820E-01, -6.098865781184E-01,  7.707462992744E-01,  9.882801712702E-02,  6.765544718096E-02,  0.000000000000E+00,  0.000000000000E+00,  0.000000000000E+00
90, Merge,1;73;68;,1, 1.33426E+01,1.0440990320772281E+01
91, Merge,1;68;,1, 1.33426E+01,1.0440990320772281E+01
92, Split,1,75, 1.33627E+01,5.4940412582381727E-04,  8.557785765439E+00, -7.176298543591E-01,  7.234512297199E-01,  2.761694669818E-01, -4.168343968359E-02, -5.321046621781E-02,  0.000000000000E+00,  0.000000000000E+00,  0.000000000000E+00
93, Split,1,76, 1.33627E+01,1.4429929097288334E-04,  9.133169936923E+00,  5.166409776614E-01, -4.325254891366E-01,  6.287843165356E-01, -3.189901875108E-01, -7.686207687059E-02,  0.000000000000E+00,  0.000000000000E+00,  0.000000000000E+00
94, Merge,31;45;,77, 1.34026E+01,1.4730304822118761E-06
95, Merge,1;75;63;,1, 1.34026E+01,1.0485966047204855E+01
96, Merge,1;63;,1, 1.34026E+01,1.0485966047204855E+01
97, Split,1,78, 1.34026E+01,1.7230927960721375E-03,  8.464061506462E+00, -1.277660951400E+00, -9.718681868976E-01,  2.714180647750E-01,  8.623805357829E-03,  3.925870472317E-02,  1.005163752589E+03,  3.760915922822E+02,  9.907798247698E+01
98, Split,1,79, 1.34224E+01,8.1774123814030021E-04,  1.047708658593E+01,  7.559089469407E-01, -9.922816107988E-01,  9.140274332331E-01,  2.288520449738E-01, -1.802250857186E-01,  0.000000000000E+00,  0.000000000000E+00,  0.000000000000E+00
99, Split,77,80, 1.34422E+01,1.3321937657690882E-06,  7.721648787481E+00, -8.669223280095E-01, -1.242187500000E+00,  1.592959858235E-02,  8.987788366629E-02,  2.093719904916E-01,  0.000000000000E+00,  0.000000000000E+00,  0.000000000000E+00
100, Split,77,81, 1.34422E+01,1.4080002457361968E-07,  7.842695837127E+00, -1.003609884809E+00, -1.242187500000E+00, -5.391278042475E-02,  1.145086259893E-01,  1.953229461297E-01,  0.000000000000E+00,  0.000000000000E+00,  0.000000000000E+00
101, Split,1,82, 1.34616E+01,7.1308112494025411E-03,  1.031299623385E+01, -9.609294716308E-01, -1.043872202946E+00,  5.718469221472E-01, -2.697597336906E-02, -2.122423678433E-02,  0.000000000000E+00,  0.000000000000E+00,  0.000000000000E+00
102, Split,1,83, 1.34616E+01,1.9768918858896611E-04,  1.081183984940E+01, -2.850982928886E-01,  8.492738096036E-01,  9.253019565281E-01, -1.635911584346E-01,  4.517109152294E-02,  0.000000000000E+00,  0.000000000000E+00,  0.000000000000E+00
103, Split,1,84, 1.34812E+01,5.2540741355096158E-04,  1.085234478209E+01, -3.703156451817E-01,  5.528361204985E-01,  1.066094149709E+00, -1.645187102917E-01, -6.147466113224E-02,  0.000000000000E+00,  0.000000000000E+00,  0.000000000000E+00
104, Split,1,85, 1.35005E+01,5.4939834103684090E-04,  8.598827503754E+00, -7.250946381454E-01,  7.150032422557E-01,  2.797432369779E-01, -4.278899456963E-02, -5.138373000447E-02,  0.000000000000E+00,  0.000000000000E+00,  0.000000000000E+00
105, Merge,1;78;,1, 1.35199E+01,1.0568311005569559E+01
106, Split,1,86, 1.35199E+01,1.7230925836114078E-03,  8.498910780160E+00, -1.276485548942E+00, -9.666601803181E-01,  2.697314139806E-01,  1.338750590561E-02,  3.841177063770E-02,  7.167131184524E+02,  2.675930215123E+02,  7.037111388027E+01
107, Split,46,87, 1.35390E+01,1.6853894903040413E-04,  8.125707003372E+00, -7.574388974484E-01, -1.084322065582E+00,  2.115980617979E-01,  1.461531068349E-01,  1.263913503814E-01,  0.000000000000E+00,  0.000000000000E+00,  0.000000000000E+00
108, Split,46,88, 1.35390E+01,4.8242136516356103E-04,  8.085251188890E+00, -1.012564691980E+00, -1.080198690470E+00,  8.021416071474E-02,  7.961928796183E-02,  1.211102155562E-01,  0.000000000000E+00,  0.000000000000E+00,  0.000000000000E+00
109, Split,70,89, 1.35390E+01,2.4050114639186272E-15,  9.445312500000E+00, -1.382812500000E+00, -5.859375000000E-01, -3.441500936341E-02,  2.745950145173E-02,  1.735004313583E-01,  0.000000000000E+00,  0.000000000000E+00,  0.000000000000E+00
110, Split,70,90, 1.35390E+01,9.9183821933922010E-09,  9.492187500000E+00, -1.429687500000E+00, -5.859375000000E-01, -1.388107316583E-01, -1.489370762312E-02,  1.801295887936E-01,  0.000000000000E+00,  0.000000000000E+00,  0.000000000000E+00
111, Split,1,91, 1.35390E+01,2.1988858875868504E-04,  9.902520180525E+00, -1.277199851040E+00, -1.544177611508E-01,  9.379594187537E-01, -2.145421379689E-01,  2.487359313737E-01,  0.000000000000E+00,  0.000000000000E+00,  0.000000000000E+00
112, Merge,1;91;,1, 1.36160E+01,1.0643157559454799E+01
113, Split,82,92, 1.36160E+01,3.7314317118269263E-04,  1.015653237867E+01, -1.105622425925E+00, -8.825790229779E-01,  4.989506709662E-01,  4.806126290791E-02,  3.541669920252E-02,  1.889765725507E+03,  4.349444697911E+02,  1.518199380597E+02
114, Split,82,93, 1.36160E+01,6.7576680405974747E-03,  1.041729276724E+01, -9.573603899913E-01, -1.056480824056E+00,  5.784810596583E-01, -3.155120060186E-02, -2.239694725038E-02,  4.599248616624E+02,  9.984799329087E+01,  3.564817637363E+01
115, Split,1,94, 1.36160E+01,2.1988928116221395E-04,  9.976655946236E+00, -1.296440314636E+00, -1.326298733531E-01,  9.215228023083E-01, -2.274670578868E-01,  2.748948704744E-01,  2.396989350648E+03,  5.379188294825E+02,  2.002218107509E+02
116, Merge,1;67;59;,1, 1.36354E+01,1.0659196837277122E+01
117, Merge,1;59;,1, 1.36354E+01,1.0659196837277122E+01
118, Merge,92;93;,95, 1.36549E+01,7.1308112149833470E-03
119, Split,88,96, 1.36745E+01,1.4482809031782497E-10,  8.132812500000E+00, -8.203125000000E-01, -1.054687500000E+00,  1.807040321434E-01,  1.633290388229E-01,  1.608442434666E-01,  0.000000000000E+00,  0.000000000000E+00,  0.000000000000E+00
120, Split,88,97, 1.36745E+01,4.8242121991440030E-04,  8.100781913350E+00, -1.000330985316E+00, -1.061282711062E+00,  8.687364112158E-02,  7.965882198433E-02,  1.237688978570E-01,  0.000000000000E+00,  0.000000000000E+00,  0.000000000000E+00
121, Split,1,98, 1.36745E+01,3.2422600665179462E-04,  1.048363788172E+01,  9.207750895902E-01,  3.185769974634E-01,  8.700817419938E-01,  3.900317222285E-02,  6.651363920291E-02,  0.000000000000E+00,  0.000000000000E+00,  0.000000000000E+00
122, Merge,87;96;,99, 1.36944E+01,1.6853909310928636E-04
123, Split,95,100, 1.36944E+01,3.7292307812670128E-04,  1.019731751294E+01, -1.100137375218E+00, -8.802554205880E-01,  5.124584741428E-01,  4.599552104284E-02,  3.846756582886E-02,  3.116015914644E+00,  3.021083333693E-02,  2.611468439984E-02
124, Split,95,101, 1.36944E+01,6.7578881345534761E-03,  1.046365781975E+01, -9.598747200302E-01, -1.058276759654E+00,  5.794245811570E-01, -3.176918819754E-02, -2.146248292841E-02,  8.155798672242E-01,  7.027575594414E-03,  6.157989679009E-03
125, Split,1,102, 1.37140E+01,3.3313587460425678E-04,  9.931017770090E+00,  9.457501236823E-01, -1.199094335841E-01,  9.340913166510E-01,  6.427942407506E-02,  1.636424660546E-01,  0.000000000000E+00,  0.000000000000E+00,  0.000000000000E+00
126, Merge,100;101;,103, 1.37337E+01,7.1308111923339855E-03
127, Split,37,104, 1.37337E+01,9.3187945193870953E-05,  9.144646047961E+00,  3.831249058215E-01, -4.264262545862E-01,  7.456283227479E-01, -2.523377257467E-01, -7.514983543566E-02,  3.908318452547E+01,  2.289824222572E+00,  1.458844882976E+00
128, Split,37,105, 1.37337E+01,2.4707854782142426E-04,  9.055306542002E+00,  3.244000112803E-01, -5.997453751737E-01,  6.445731467489E-01, -2.880955614119E-01, -7.837696716322E-02,  2.371611075847E+01,  1.383635288345E+00,  8.199882387258E-01
129, Merge,1;69;,1, 1.37534E+01,1.0750865327783282E+01
130, Split,1,106, 1.37534E+01,1.0003802025668834E-04,  9.751315131108E+00, -1.274558690724E+00, -6.549984899020E-01,  2.371710206823E-01, -3.712557314790E-03,  3.726226365522E-02,  3.467805308516E+03,  9.036394406757E+02,  2.958541584201E+02
131, Split,103,107, 1.37731E+01,3.7292163043526022E-04,  1.023941270921E+01, -1.094497088095E+00, -8.770447527613E-01,  5.275798094612E-01,  4.297069937882E-02,  4.197988982389E-02,  0.000000000000E+00,  0.000000000000E+00,  0.000000000000E+00
132, Split,103,108, 1.37731E+01,6.7578895409675628E-03,  1.051042593361E+01, -9.623512255347E-01, -1.060022612579E+00,  5.803362240100E-01, -3.193349167805E-02, -2.077929652531E-02,  0.000000000000E+00,  0.000000000000E+00,  0.000000000000E+00
133, Split,1,109, 1.37731E+01,1.5451742316848266E-04,  1.004992521379E+01, -1.381642036019E+00, -2.308415584472E-01,  7.787571562560E-01, -1.684829615095E-01,  3.138155702124E-01,  0.000000000000E+00,  0.000000000000E+00,  0.000000000000E+00
134, Merge,1;106;,1, 1.37928E+01,1.0781374457660498E+01
135, Split,1,110, 1.37928E+01,2.0418565291580010E-04,  1.069201388671E+01, -3.241524402586E-01,  8.950008745266E-01,  1.019696752994E+00, -2.920252377540E-01, -1.509976504360E-01,  2.718527489081E+03,  4.032529220512E+02,  2.113291812196E+02
136, Merge,32;47;,111, 1.38320E+01,4.9470159206881339E-08
137, Merge,1;104;,1, 1.38320E+01,1.0812119452233965E+01
138, Merge,1;109;,1, 1.38713E+01,1.0841801152643013E+01
139, Split,1,112, 1.38713E+01,8.9088875120118941E-04,  8.810776976985E+00,  1.465581894398E-01, -1.144154106918E+00,  2.439077468726E-01,  4.612738671711E-02,  5.503121623230E-02,  1.037803334437E+03,  2.793127876986E+02,  1.007846271032E+02
140, Split,1,113, 1.38713E+01,1.0003019888874371E-04,  9.778051722942E+00, -1.274425663959E+00, -6.509658427508E-01,  2.403572318782E-01, -1.244671136120E-02,  3.814844766524E-02,  3.486069472919E+03,  9.126377807569E+02,  2.972464845484E+02
141, Split,1,114, 1.38713E+01,1.5451606832343726E-04,  1.012915799372E+01, -1.399566448917E+00, -1.968924125054E-01,  7.505719651769E-01, -1.590823807512E-01,  3.213607181075E-01,  2.933057934416E+03,  6.963260695999E+02,  2.410154353909E+02
142, Split,113,115, 1.39105E+01,1.0000673725922478E-04,  9.790781305213E+00, -1.274566876448E+00, -6.499823832071E-01,  2.375076699917E-01, -1.242934141073E-02,  4.060016843212E-02,  0.000000000000E+00,  0.000000000000E+00,  0.000000000000E+00
143, Split,113,116, 1.39105E+01,2.3460273859696385E-08,  9.722137726728E+00, -1.382812500000E+00, -5.859375000000E-01, -5.250165003558E-02, -1.707590575132E-02,  1.544441022535E-01,  0.000000000000E+00,  0.000000000000E+00,  0.000000000000E+00
144, Merge,1;112;114;,1, 1.39297E+01,1.0888458327144447E+01
145, Merge,1;114;,1, 1.39297E+01,1.0888458327144447E+01
146, Merge,1;76;,1, 1.39683E+01,1.0917553075026982E+01
147, Split,1,117, 1.39683E+01,8.9086613871295337E-04,  8.837042898711E+00,  1.518839923400E-01, -1.138161943673E+00,  2.531055141138E-01,  4.220528613152E-02,  5.089725187777E-02,  1.044775323168E+03,  2.801206228827E+02,  1.011609277545E+02
148, Split,1,118, 1.39683E+01,2.3343795194463179E-04,  9.098889281207E+00, -3.492740127444E-02, -1.176293795993E+00,  1.732261490424E-01,  1.139570585080E-03,  1.945946258564E-02,  2.098854811130E+03,  5.469544905637E+02,  1.967849841619E+02
149, Merge,1;79;,1, 1.39873E+01,1.0932418451428951E+01
150, Split,1,119, 1.39873E+01,8.1771051874056160E-04,  1.097034398268E+01,  9.066750865341E-01, -1.119723103794E+00,  7.662346957977E-01,  2.611137429519E-01, -2.273295716460E-01,  1.424573655995E+03,  2.800161939726E+02,  1.067914577325E+02
151, Split,83,120, 1.39873E+01,5.3521082777687419E-05,  1.132092150093E+01, -4.028277593414E-01,  7.625029540721E-01,  9.758897299460E-01, -3.044167498660E-01, -1.298240798506E-01,  5.760252006620E+03,  7.096573591681E+02,  4.166623347786E+02
152, Split,83,121, 1.39873E+01,1.4416810095067649E-04,  1.126327492922E+01, -3.603550838858E-01,  9.249566006133E-01,  6.986908713057E-01, -1.201829635081E-01,  6.429052108512E-02,  3.490794793763E+03,  4.785911739503E+02,  2.533187061358E+02
153, Merge,1;119;,1, 1.40257E+01,1.0963200241553695E+01
154, Split,1,122, 1.40639E+01,1.4413139101749573E-04,  9.621532755521E+00,  2.618662730750E-01, -5.058914885079E-01,  7.396937145903E-01, -3.090815694020E-01, -7.951684437866E-02,  0.000000000000E+00,  0.000000000000E+00,  0.000000000000E+00
155, Split,108,123, 1.40639E+01,1.9456053775543904E-04,  1.054771623313E+01, -4.926487269865E-01, -1.150644284251E+00,  8.627030780418E-01,  5.683353781200E-02,  3.866221153666E-02,  0.000000000000E+00,  0.000000000000E+00,  0.000000000000E+00
156, Split,108,124, 1.40639E+01,6.5633290470135195E-03,  1.068724752258E+01, -9.857140359447E-01, -1.063541262392E+00,  5.752519046212E-01, -3.495043926011E-02, -2.246340186978E-02,  0.000000000000E+00,  0.000000000000E+00,  0.000000000000E+00
157, Merge,123;124;,125, 1.40829E+01,6.7578895950982714E-03
158, Split,55,126, 1.41210E+01,5.4982774183474079E-04,  1.012869430113E+01,  5.305729600296E-01, -3.937987117606E-01,  8.269478116271E-01, -4.104880295026E-02,  3.133946232425E-01,  0.000000000000E+00,  0.000000000000E+00,  0.000000000000E+00
159, Split,55,127, 1.41210E+01,2.9009392095390022E-04,  1.037452576295E+01,  4.379704377954E-01, -4.428612855423E-01,  1.051271709338E+00, -3.113788977980E-02,  2.319733838682E-01,  0.000000000000E+00,  0.000000000000E+00,  0.000000000000E+00
160, Split,1,128, 1.41781E+01,2.2348885331807677E-04,  1.082934420693E+01, -3.735628232745E-01,  9.433918478744E-01,  8.057101189855E-01, -2.060907415888E-01, -2.006793655036E-01,  0.000000000000E+00,  0.000000000000E+00,  0.000000000000E+00
161, Merge,1;107;,1, 1.41973E+01,1.1097167503935344E+01
162, Split,1,129, 1.41973E+01,7.2829539510456908E-08,  8.461550041820E+00, -1.624696071239E+00, -2.343750000000E-02,  4.212487669889E-02,  4.256534283785E-02,  2.302864839042E-02,  1.135283710292E+05,  4.437461988873E+04,  1.128277017113E+04
163, Split,1,130, 1.41973E+01,1.0080736806453337E-12,  9.023437500000E+00,  1.640625000000E-01, -1.335937500000E+00,  1.694373929357E-02, -1.650551488536E-01,  6.788893604330E-02,  3.203204379133E+07,  9.599349715940E+06,  3.031773828594E+06
164, Split,125,131, 1.42162E+01,1.9457048956753501E-04,  1.067959315848E+01, -4.824001264032E-01, -1.143129944376E+00,  8.942209254526E-01,  4.503958828339E-02,  1.256005173212E-02,  0.000000000000E+00,  0.000000000000E+00,  0.000000000000E+00
165, Split,125,132, 1.42162E+01,6.5633191243786304E-03,  1.077666708463E+01, -9.909992376591E-01, -1.067103782701E+00,  5.751227873040E-01, -3.506518045022E-02, -2.348537256786E-02,  0.000000000000E+00,  0.000000000000E+00,  0.000000000000E+00
166, Split,1,133, 1.42921E+01,1.5887974253870896E-03,  1.021430132089E+01,  3.272191395505E-01, -7.600179447850E-01,  7.483014582183E-01, -1.266805788709E-01,  1.593786561759E-01,  0.000000000000E+00,  0.000000000000E+00,  0.000000000000E+00
167, Split,1,134, 1.43111E+01,2.8387918126080523E-08,  8.935862327228E+00,  2.024883447159E-01, -1.382812500000E+00,  2.461537380529E-01,  6.085158179979E-02, -4.826652154983E-02,  0.000000000000E+00,  0.000000000000E+00,  0.000000000000E+00
168, Merge,89;90;,135, 1.43494E+01,9.9183855320076483E-09
169, Split,117,136, 1.43494E+01,3.2553474794549663E-06,  9.023437500000E+00,  2.152564413899E-02, -1.007812500000E+00,  4.382130977364E-01, -1.839060123069E-01,  1.467799419804E-01,  1.900068003244E-01,  1.594048376112E-09,  1.594048376112E-09
170, Split,117,137, 1.43494E+01,8.8761081726729360E-04,  8.949858851812E+00,  1.719787252753E-01, -1.119011256134E+00,  2.846116627095E-01,  3.097379406552E-02,  3.464991307655E-02,  1.293721315096E-02,  9.653590676538E-11,  9.653590676538E-11
171, Split,133,138, 1.43884E+01,3.4231925036305326E-04,  1.050983919256E+01,  1.396220381614E-01, -7.533739383592E-01,  9.042373918218E-01, -1.362168250381E-01,  1.844565742150E-01,  0.000000000000E+00,  0.000000000000E+00,  0.000000000000E+00
172, Split,133,139, 1.43884E+01,1.2464781802337087E-03,  1.022784947070E+01,  3.610710331709E-01, -7.396846607954E-01,  7.271479920185E-01, -1.199383487556E-01,  1.533648492812E-01,  0.000000000000E+00,  0.000000000000E+00,  0.000000000000E+00
173, Split,1,140, 1.44083E+01,4.6827366765863628E-04,  1.101899941388E+01,  3.817873765224E-01, -1.039857683986E+00,  6.845752272295E-01,  1.587207632582E-01,  9.425053271923E-02,  0.000000000000E+00,  0.000000000000E+00,  0.000000000000E+00
174, Merge,1;139;,1, 1.44281E+01,1.1276442759811458E+01
175, Split,1,141, 1.44281E+01,1.2542286767535131E-04,  1.054151454567E+01, -1.484354035067E+00,  1.158267943091E-02,  6.806112621319E-01, -9.892896259198E-02,  3.113136310912E-01,  3.456907384956E+03,  8.209381923544E+02,  2.742905605671E+02
176, Split,97,142, 1.44479E+01,2.3485218827810618E-04,  8.249560733526E+00, -9.794488321432E-01, -8.527171966664E-01,  1.675384224435E-01,  7.614699080901E-02,  1.932119392583E-01,  0.000000000000E+00,  0.000000000000E+00,  0.000000000000E+00
177, Split,97,143, 1.44479E+01,2.4756903865394127E-04,  8.163724817020E+00, -8.602914173344E-01, -1.011295790602E+00,  8.850352436334E-02,  9.356863888990E-02,  1.176094322055E-01,  0.000000000000E+00,  0.000000000000E+00,  0.000000000000E+00
178, Split,1,144, 1.44479E+01,2.3295488097525521E-04,  1.035290081299E+01, -1.397049259920E+00, -1.736782562134E-01,  6.037022300302E-01,  1.735063922367E-02,  3.717974255861E-01,  0.000000000000E+00,  0.000000000000E+00,  0.000000000000E+00
179, Split,1,145, 1.44675E+01,1.1492310353321955E-09,  9.117187500000E+00,  2.109375000000E-01, -1.382812500000E+00,  6.192225258488E-02, -8.660294638964E-02,  3.841691926584E-02,  0.000000000000E+00,  0.000000000000E+00,  0.000000000000E+00
180, Split,1,146, 1.44675E+01,3.7292171932489773E-04,  1.066786991611E+01, -1.073664143026E+00, -8.366962302204E-01,  6.431867331724E-01, -1.974305863047E-02,  6.649858978249E-02,  0.000000000000E+00,  0.000000000000E+00,  0.000000000000E+00
181, Merge,1;144;138;,1, 1.44871E+01,1.1321932074538008E+01
182, Merge,1;138;,1, 1.44871E+01,1.1321932074538008E+01
183, Split,130,147, 1.44871E+01,3.0231809351187379E-13,  9.070312500000E+00,  2.578125000000E-01, -1.382812500000E+00,  3.064227341315E-01,  9.069537559491E-02, -3.584211141707E-02,  8.416050425025E+07,  2.634556651021E+07,  7.915323245057E+06
184, Split,130,148, 1.44871E+01,7.0575556335842938E-13,  9.023437500000E+00,  1.971640791348E-01, -1.382812500000E+00,  1.565371151915E-01,  1.882887746755E-02, -3.852425676685E-02,  5.483067732344E+07,  1.721502665260E+07,  5.175647244244E+06
185, Split,1,149, 1.44871E+01,3.3020968459569202E-04,  1.046981236364E+01,  1.090384963336E+00, -8.252968749215E-03,  7.752404577707E-01,  8.379416955154E-02,  9.758649521493E-02,  2.964618066178E+03,  5.473756372988E+02,  2.397367050045E+02
186, Split,1,150, 1.44871E+01,2.0413258814367289E-04,  1.054388420310E+01, -1.291240455616E+00, -1.448482726427E-01,  7.489854943005E-01, -9.972591412763E-02,  4.112592272123E-01,  3.819856558977E+03,  8.208929376181E+02,  3.038981878654E+02
187, Merge,1;147;122;126;,1, 1.45066E+01,1.1337281683949740E+01
188, Merge,1;122;,1, 1.45066E+01,1.1337281683949740E+01
189, Merge,1;126;,1, 1.45066E+01,1.1337281683949740E+01
190, Split,148,151, 1.45066E+01,4.9838130385957070E-13,  9.070312500000E+00,  2.578125000000E-01, -1.382812500000E+00,  3.084849929042E-01,  9.081672869350E-02, -3.871164315486E-02,  8.034574429083E+07,  2.517544478496E+07,  7.554554447230E+06
191, Split,148,152, 1.45066E+01,2.0734704930657736E-13,  9.023437500000E+00,  2.109375000000E-01, -1.382812500000E+00,  2.131720565112E-01,  4.279647011874E-02, -6.413317669432E-02,  1.240022365044E+08,  3.901120328419E+07,  1.170382365411E+07
192, Split,1,153, 1.45066E+01,2.3289073430934578E-04,  1.038914869835E+01, -1.395352209937E+00, -1.492945007496E-01,  6.142324117705E-01,  2.434911837863E-02,  3.829925665622E-01,  4.307877648096E+03,  1.022623920446E+03,  3.487576094052E+02
193, Split,1,154, 1.45066E+01,3.4231795184265750E-04,  1.061758836167E+01,  1.200365070434E-01, -7.277980761434E-01,  9.335705890072E-01, -1.279784795649E-01,  1.882069325036E-01,  3.614224505932E+03,  5.030299815631E+02,  2.879848110630E+02
194, Merge,1;151;127;,1, 1.45262E+01,1.1352848901741824E+01
195, Merge,1;127;,1, 1.45262E+01,1.1352848901741824E+01
196, Merge,1;137;,1, 1.45458E+01,1.1366387518751070E+01
197, Split,1,155, 1.45458E+01,7.1552042126921957E-04,  1.120548255524E+01, -4.268249314214E-02, -9.248974988047E-01,  8.853701244589E-01,  9.203634222906E-02, -1.152431300934E-01,  1.557040426377E+03,  2.248791409913E+02,  1.146497115778E+02
198, Split,1,156, 1.45458E+01,1.9380310869086682E-03,  1.075545024064E+01, -3.634394309192E-01,  9.087337109829E-01,  7.327516986807E-01, -9.359686541794E-02, -8.536390310274E-02,  8.953002793152E+02,  1.443656011902E+02,  7.036757881484E+01
199, Merge,1;145;152;,1, 1.45654E+01,1.1381704317511282E+01
200, Merge,1;152;,1, 1.45654E+01,1.1381704317511282E+01
201, Merge,1;154;,1, 1.45848E+01,1.1397180822944350E+01
202, Merge,1;28;,1, 1.46041E+01,1.1412019737484050E+01
203, Split,1,157, 1.46041E+01,3.4225818946433372E-04,  1.071098856695E+01,  1.040798518630E-01, -7.072753349843E-01,  9.549613858522E-01, -1.197888260582E-01,  1.878083504598E-01,  2.112955815167E+03,  2.852061403729E+02,  1.667577197823E+02
204, Merge,1;94;,1, 1.46429E+01,1.1442505969878798E+01
205, Merge,1;98;,1, 1.46625E+01,1.1458120983632623E+01
206, Merge,1;157;,1, 1.46821E+01,1.1473766164774872E+01
207, Split,85,158, 1.46821E+01,5.2094849812504883E-04,  8.973150824244E+00, -8.174793647841E-01,  6.648423177412E-01,  2.817777583379E-01, -7.872979740155E-02, -3.200753287374E-02,  1.429256781413E+03,  3.547019574389E+02,  1.369820905791E+02
208, Split,85,159, 1.46821E+01,2.8449838590282997E-05,  8.931614347474E+00, -6.326334931522E-01,  5.173069120896E-01,  5.268527541115E-01, -5.878409846505E-03, -9.985360397579E-02,  6.086423263432E+03,  1.237039755518E+03,  5.861652065722E+02
209, Split,1,160, 1.46821E+01,1.1210163720791782E-05,  1.197656643459E+01, -9.609375000000E-01, -1.108795618043E-01,  8.619628529342E-01,  3.827385821317E-02, -4.224797535638E-02,  1.370414748803E+04,  1.756115544376E+03,  9.231773007322E+02
210, Merge,1;121;120;,1, 1.47020E+01,1.1485968276110153E+01
211, Merge,1;120;,1, 1.47020E+01,1.1485968276110153E+01
212, Split,1,161, 1.47020E+01,3.5326696564396661E-03,  1.075091069382E+01,  7.138625091633E-01, -2.771336685435E-01,  7.301322835793E-01, -1.266996972755E-02,  4.531258102052E-02,  9.363330171662E+02,  1.285153730613E+02,  7.432310100893E+01
213, Split,1,162, 1.47221E+01,8.8771933542061937E-04,  9.071579301820E+00,  1.884429890640E-01, -1.106708941675E+00,  2.994675670266E-01,  2.883564669288E-02,  2.404850229907E-02,  0.000000000000E+00,  0.000000000000E+00,  0.000000000000E+00
214, Split,160,163, 1.47423E+01,1.1210161195048591E-05,  1.202343750053E+01, -9.608972888160E-01, -1.124917782471E-01,  8.646727337624E-01,  4.141012314458E-02, -3.701143263520E-02,  0.000000000000E+00,  0.000000000000E+00,  0.000000000000E+00
215, Split,160,164, 1.47423E+01,2.0580684295798953E-12,  1.207031250000E+01, -1.007812500000E+00, -1.640625000000E-01,  7.482404614631E-01,  3.561976047116E-02, -6.760433981284E-02,  0.000000000000E+00,  0.000000000000E+00,  0.000000000000E+00
216, Split,1,165, 1.47628E+01,1.3428764676582199E-04,  1.058449383344E+01,  7.306280476409E-01, -1.812756640781E+00, -5.835205845676E-02,  5.237959685364E-03, -1.346369419454E-02,  0.000000000000E+00,  0.000000000000E+00,  0.000000000000E+00
217, Split,1,166, 1.47628E+01,3.4224980670347961E-04,  1.086612943644E+01,  8.395926411295E-02, -6.719465845222E-01,  9.878791011540E-01, -1.110510127321E-01,  1.811181250122E-01,  0.000000000000E+00,  0.000000000000E+00,  0.000000000000E+00
218, Split,1,167, 1.47832E+01,6.3446518180594646E-04,  9.617235176745E+00,  1.337927411139E-01,  9.342317049894E-01,  4.541585990600E-01,  2.285960860881E-01, -1.614826016103E-01,  0.000000000000E+00,  0.000000000000E+00,  0.000000000000E+00
219, Merge,1;166;164;,1, 1.48039E+01,1.1563804469142951E+01
220, Merge,1;164;,1, 1.48039E+01,1.1563804469142951E+01
221, Split,162,168, 1.48039E+01,5.1734822196071570E-04,  9.187046349718E+00,  1.676989572997E-01, -1.006472463033E+00,  3.506858177562E-01, -1.147610872696E-02,  5.710236963083E-02,  2.077063707003E+03,  4.919317127591E+02,  1.932234408051E+02
222, Split,162,169, 1.48039E+01,3.7037110602971109E-04,  8.977614729545E+00,  2.250291731523E-01, -1.241875795815E+00,  2.323674781161E-01,  7.501967940787E-02, -2.836694877452E-02,  2.416694451289E+03,  7.077291993770E+02,  2.284568341314E+02
223, Split,163,170, 1.48039E+01,1.1210162173311758E-05,  1.202380325467E+01, -9.602359620078E-01, -1.126618563673E-01,  8.716215413077E-01,  3.339302515036E-02, -8.952698736885E-03,  1.949453440611E+04,  2.503372737951E+03,  1.310490415393E+03
224, Split,163,171, 1.48039E+01,5.7061418565349684E-15,  1.207031250000E+01, -1.007812500000E+00, -2.109375000000E-01,  7.132388555440E-01,  4.990968708541E-02, -4.849963443721E-02,  8.698139104030E+08,  1.157216458987E+08,  5.797997555623E+07
225, Split,1,172, 1.48246E+01,2.0718610447551273E-04,  9.337033692920E+00,  6.644038185205E-02,  1.000405451363E+00,  4.078692775523E-01,  2.722732991931E-01, -1.552477895192E-01,  0.000000000000E+00,  0.000000000000E+00,  0.000000000000E+00
226, Split,1,173, 1.48453E+01,7.4794333847045657E-04,  1.199440400038E+01, -8.068838888133E-01, -2.156523124877E-01,  9.707252829360E-01, -1.303255848186E-02,  1.024515989707E-01,  0.000000000000E+00,  0.000000000000E+00,  0.000000000000E+00
227, Merge,1;172;,1, 1.48658E+01,1.1609102054222378E+01
228, Merge,170;173;,174, 1.48658E+01,7.5915350162414114E-04
229, Split,1,175, 1.48658E+01,2.2718209508210256E-03,  1.134894373548E+01, -8.729900553535E-01, -2.382625706707E-01,  9.743125541130E-01,  5.903756048669E-02,  6.142040737739E-02,  8.909624503008E+02,  1.271115580220E+02,  6.504498654772E+01
230, Merge,1;171;,1, 1.48861E+01,1.1624771736767469E+01
231, Split,1,176, 1.48861E+01,1.9158599147435149E-04,  1.132068478606E+01, -1.207391943811E+00, -3.733798092627E-01,  9.222847911703E-01,  2.946740165661E-04, -4.425974887362E-02,  3.076139263362E+03,  5.668043546536E+02,  2.240355283147E+02
232, Split,1,177, 1.49064E+01,2.0719275750696127E-04,  9.373758569620E+00,  9.167376427357E-02,  9.858078913952E-01,  4.005113207941E-01,  2.642547443060E-01, -1.695380073312E-01,  0.000000000000E+00,  0.000000000000E+00,  0.000000000000E+00
233, Split,167,178, 1.49064E+01,3.1307935354416537E-04,  9.574457188318E+00,  1.695633360324E-01,  9.438415444857E-01,  4.123234706942E-01,  2.367881875142E-01, -1.268756090958E-01,  0.000000000000E+00,  0.000000000000E+00,  0.000000000000E+00
234, Split,167,179, 1.49064E+01,3.2138582574578012E-04,  9.775598538189E+00,  1.619158236308E-01,  8.798421625356E-01,  4.892919877298E-01,  1.761220715526E-01, -1.690697491636E-01,  0.000000000000E+00,  0.000000000000E+00,  0.000000000000E+00
235, Merge,1;110;,1, 1.49469E+01,1.1671645361959104E+01
236, Split,1,180, 1.49469E+01,3.2275290294603564E-04,  1.165100952845E+01,  9.925428144509E-01,  4.388701767813E-01,  8.712842542739E-01,  8.278452764632E-02,  4.705175139007E-02,  2.460126842913E+03,  3.629368902189E+02,  1.726806002524E+02
237, Split,1,181, 1.49469E+01,2.0417721949731715E-04,  1.185114653061E+01, -7.635300612782E-01,  9.432362741940E-01,  7.071503853133E-01, -3.031671339970E-01,  2.097720802667E-01,  3.176424487643E+03,  4.959950583804E+02,  2.203437367660E+02
238, Merge,1;156;181;,1, 1.49878E+01,1.1703685122008366E+01
239, Merge,1;181;,1, 1.49878E+01,1.1703685122008366E+01
240, Split,1,182, 1.49878E+01,9.2655585403145150E-07,  1.089843750000E+01,  1.644753696082E-01, -1.306355643332E+00,  7.671326138869E-01,  8.125055661164E-02,  6.180899367518E-03,  5.955449719044E+04,  1.252100914925E+04,  4.584469704418E+03
241, Split,1,183, 1.49878E+01,2.0385299349347341E-03,  1.135698760740E+01, -1.038338867582E+00,  5.854283510521E-01,  6.566466581088E-01,  5.161102553562E-02,  5.899519803396E-02,  1.338637184539E+03,  2.327878766909E+02,  9.880609040664E+01
242, Split,1,184, 1.50082E+01,1.2149628384922381E-04,  1.042870942449E+01, -9.601516723254E-02, -6.248460673872E-01,  8.748905552397E-01, -3.332785175677E-01, -1.205807988328E-01,  0.000000000000E+00,  0.000000000000E+00,  0.000000000000E+00
243, Split,1,185, 1.50082E+01,1.9380196738639228E-03,  1.109290782781E+01, -4.156731666400E-01,  8.558007613293E-01,  7.481185669697E-01, -1.274933821906E-01, -1.097860011193E-01,  0.000000000000E+00,  0.000000000000E+00,  0.000000000000E+00
244, Split,1,186, 1.50082E+01,1.2601276564522749E-03,  1.147956630486E+01,  4.642157973300E-01,  8.316431960535E-01,  8.454260667038E-01,  6.392076390798E-02,  1.424274668518E-02,  0.000000000000E+00,  0.000000000000E+00,  0.000000000000E+00
245, Split,1,187, 1.50082E+01,1.6720206302344728E-04,  1.157966076309E+01,  2.291249835758E-01, -8.184012667518E-01,  1.093297906594E+00,  9.961759663862E-02,  1.601599779235E-01,  0.000000000000E+00,  0.000000000000E+00,  0.000000000000E+00
246, Split,132,188, 1.50496E+01,4.6734658815348961E-04,  1.108062248466E+01, -5.554174983131E-01, -1.264857562591E+00,  5.982474335048E-01,  1.204454794285E-01, -1.856902025903E-02,  0.000000000000E+00,  0.000000000000E+00,  0.000000000000E+00
247, Split,132,189, 1.50496E+01,6.0959725228492030E-03,  1.127559740373E+01, -1.057793945320E+00, -1.079359964860E+00,  5.526797282895E-01, -5.593653558539E-02, -4.090048176409E-02,  0.000000000000E+00,  0.000000000000E+00,  0.000000000000E+00
248, Split,1,190, 1.50704E+01,1.9055947624719157E-10,  9.585937500000E+00,  1.289062500000E+00,  9.140625000000E-01,  3.927562198840E-02,  4.924028394602E-02, -1.341770056422E-01,  0.000000000000E+00,  0.000000000000E+00,  0.000000000000E+00
249, Split,1,191, 1.50704E+01,6.0331309130562654E-04,  1.121570796958E+01,  2.343733126936E-01,  5.957575334992E-01,  9.168660527883E-01, -1.081820693432E-01, -4.691307879094E-02,  0.000000000000E+00,  0.000000000000E+00,  0.000000000000E+00
250, Merge,1;191;,1, 1.51123E+01,1.1796671294908627E+01
251, Split,1,192, 1.51123E+01,2.6040587019423509E-04,  9.433156970328E+00, -9.537693993270E-01, -1.570791494165E-01,  3.453529794117E-01,  7.939226758241E-02, -7.173431474975E-02,  2.143840219633E+03,  4.741987351105E+02,  1.941610509540E+02
252, Split,1,193, 1.51123E+01,4.8943273448730001E-04,  1.170677543606E+01, -1.210556076566E-01,  7.508661478041E-01,  1.106298930298E+00,  3.672664046671E-02, -1.353333599436E-03,  2.003986669860E+03,  2.330021393582E+02,  1.418489055979E+02
253, Merge,134;169;,194, 1.51335E+01,3.7039938429298197E-04
254, Merge,1;175;,1, 1.51335E+01,1.1815162124869364E+01
255, Split,1,195, 1.51335E+01,2.8524056402577273E-04,  1.152965381836E+01,  5.777613445711E-01, -2.399548490182E-01,  1.191913214529E+00,  1.782865310559E-01,  1.271632643207E-01,  2.566650934568E+03,  2.763091816880E+02,  1.876023258853E+02
256, Merge,1;158;,1, 1.51547E+01,1.1832219858126628E+01
257, Merge,1;185;,1, 1.51754E+01,1.1846415387704383E+01
258, Split,1,196, 1.51754E+01,1.9851661426711804E-03,  1.029481400378E+01,  3.943594686080E-01, -6.266328679870E-01,  6.497741742739E-01,  1.099892250612E-02,  8.603398247955E-02,  8.453697901491E+02,  1.303327341758E+02,  7.105321576336E+01
259, Split,1,197, 1.51754E+01,1.9376450619575927E-03,  1.121601997521E+01, -4.390625671358E-01,  8.353881909136E-01,  7.552337914089E-01, -1.332897836636E-01, -1.065926866778E-01,  9.524643446669E+02,  1.436515931578E+02,  7.190549893080E+01
260, Split,1,198, 1.51962E+01,5.2094777556001650E-04,  9.146630962381E+00, -8.808465221017E-01,  6.466283014059E-01,  2.915676697643E-01, -1.091625745294E-01, -2.689990146302E-02,  0.000000000000E+00,  0.000000000000E+00,  0.000000000000E+00
261, Merge,1;198;179;,1, 1.52169E+01,1.1879109914628602E+01
262, Merge,1;179;,1, 1.52169E+01,1.1879109914628602E+01
263, Split,189,199, 1.52375E+01,5.8331404098949310E-03,  1.138537906326E+01, -1.082034459816E+00, -1.078019760129E+00,  5.459415622898E-01, -6.738508133688E-02, -4.040047085108E-02,  0.000000000000E+00,  0.000000000000E+00,  0.000000000000E+00
264, Split,189,200, 1.52375E+01,2.6283201174453005E-04,  1.127636506711E+01, -7.690138512825E-01, -1.292425975659E+00,  4.729036682931E-01,  1.700097661114E-01, -1.492200639597E-01,  0.000000000000E+00,  0.000000000000E+00,  0.000000000000E+00
265, Split,186,201, 1.52375E+01,1.1280962654186583E-03,  1.163968172285E+01,  5.078278474579E-01,  8.465960034758E-01,  8.221858001989E-01,  7.033622174590E-02,  3.250004590117E-02,  0.000000000000E+00,  0.000000000000E+00,  0.000000000000E+00
266, Split,186,202, 1.52375E+01,1.3203140027858346E-04,  1.195292961007E+01,  2.627002420367E-01,  7.619721391774E-01,  1.038934581860E+00, -5.728643884169E-02,  8.151771255591E-03,  0.000000000000E+00,  0.000000000000E+00,  0.000000000000E+00
267, Split,1,203, 1.52375E+01,1.3721470212907651E-04,  1.183961280809E+01, -5.280365282796E-01,  1.158522996779E+00,  2.288225604490E-01, -7.082401505800E-03,  1.956764182261E-01,  0.000000000000E+00,  0.000000000000E+00,  0.000000000000E+00
268, Merge,1;141;74;,1, 1.52792E+01,1.1927672837541946E+01
269, Merge,1;74;,1, 1.52792E+01,1.1927672837541946E+01
270, Split,1,204, 1.52792E+01,1.7172376534006081E-04,  8.985579946391E+00,  9.682632860423E-01, -2.492853685877E-02,  7.692552274905E-02, -1.053175416240E-01,  1.413749944682E-01,  3.641073896180E+03,  8.365238314488E+02,  3.416335453454E+02
271, Split,1,205, 1.52792E+01,3.6845510496570318E-04,  1.218062709449E+01,  1.077493417764E+00,  1.011698886307E-01,  8.198937099884E-01,  2.307328756441E-01, -2.953876175619E-02,  3.473718428336E+03,  4.738515695020E+02,  2.326906996689E+02
272, Merge,1;168;149;102;,1, 1.53006E+01,1.1945535766545904E+01
273, Merge,1;149;,1, 1.53006E+01,1.1945535766545904E+01
274, Merge,1;102;,1, 1.53006E+01,1.1945535766545904E+01
275, Merge,1;194;203;,1, 1.53219E+01,1.1962174683137949E+01
276, Merge,1;203;,1, 1.53219E+01,1.1962174683137949E+01
277, Split,1,206, 1.53219E+01,5.2060788780445004E-04,  9.189819625236E+00, -8.993967714656E-01,  6.422633628819E-01,  2.968905249061E-01, -1.156052801895E-01, -2.617205263930E-02,  2.126925940895E+03,  5.404456874864E+02,  1.978311879054E+02
278, Split,182,207, 1.53219E+01,8.1609927088724869E-09,  1.089843750000E+01,  2.109375000000E-01, -1.289062500000E+00,  8.040248031003E-01,  1.987247656136E-03,  1.231520414871E-01,  6.371993301526E+05,  1.372909269340E+05,  4.945724795148E+04
279, Split,182,208, 1.53219E+01,9.1839462156849330E-07,  1.089843750000E+01,  1.640625000000E-01, -1.335937500000E+00,  8.335771161207E-01,  1.734807529054E-01, -1.004827804412E-01,  6.010946893132E+04,  1.328133657234E+04,  4.658409823562E+03
280, Split,174,209, 1.53219E+01,2.0649964341890815E-04,  1.235344452024E+01, -9.945567369298E-01, -5.945828752211E-02,  7.709878230981E-01, -3.556586345961E-02,  1.300033748399E-01,  4.730776021889E+03,  6.104887671105E+02,  3.113103751636E+02
281, Split,174,210, 1.53219E+01,5.5264131501727039E-04,  1.250915399858E+01, -7.450559457263E-01, -1.818157453835E-01,  1.018506712976E+00,  3.637207762859E-02,  1.152858618949E-01,  2.937010458925E+03,  3.115996087433E+02,  1.895833254585E+02
282, Merge,1;190;155;,1, 1.53432E+01,1.1978934755335452E+01
283, Merge,1;155;,1, 1.53432E+01,1.1978934755335452E+01
284, Split,1,211, 1.53432E+01,1.7912571740133476E-10,  9.585937500000E+00,  1.284423334855E+00,  9.140625000000E-01,  9.821313024739E-02,  1.028732560484E-02, -9.171299269326E-02,  3.766380435621E+06,  1.210749681008E+06,  3.313197795009E+05
285, Split,1,212, 1.53432E+01,5.4234194992280286E-04,  1.240576208737E+01,  8.061201238937E-01, -5.269293926448E-02,  1.039823259812E+00,  1.017822436493E-01, -3.849119554097E-03,  2.930054359329E+03,  3.143318734151E+02,  1.929480227291E+02
286, Merge,1;211;,1, 1.53646E+01,1.1994994534154982E+01
287, Split,1,213, 1.53646E+01,1.4092560457186089E-04,  9.498234459031E+00, -1.013490952817E+00,  7.180984441283E-01,  2.813931697456E-01,  8.066591229488E-02,  4.592813040882E-02,  2.970694237598E+03,  7.985614741669E+02,  2.692828825757E+02
288, Split,1,214, 1.53646E+01,1.6139784916208878E-10,  9.585937500000E+00,  1.282120343116E+00,  9.140625000000E-01,  1.140042839949E-01,  6.340195639167E-03, -8.535025442825E-02,  2.808009893688E+06,  9.025607052768E+05,  2.469558499561E+05
289, Split,1,215, 1.53646E+01,3.2971260821747093E-04,  1.005105102047E+01, -9.119963666725E-01,  1.176711268864E-01,  5.903572010463E-01,  5.035259006212E-02, -7.625350492430E-02,  2.037138976916E+03,  3.926977149520E+02,  1.751456815567E+02
290, Split,1,216, 1.53646E+01,1.7080328425063757E-04,  1.131189355169E+01, -1.275274851119E+00,  5.862774094258E-01,  4.986692912615E-01,  5.966595845253E-02,  8.465415773558E-02,  3.275571809135E+03,  6.826020156024E+02,  2.443677426360E+02
291, Merge,1;206;214;209;,1, 1.53856E+01,1.2011942223599300E+01
292, Merge,1;214;,1, 1.53856E+01,1.2011942223599300E+01
293, Merge,1;209;,1, 1.53856E+01,1.2011942223599300E+01
294, Split,1,217, 1.53856E+01,1.3749493447070819E-10,  9.585937500000E+00,  1.279162489655E+00,  9.140625000000E-01,  1.334258282745E-01,  2.243964734939E-03, -7.797199909058E-02,  5.273724694441E+06,  1.694516138721E+06,  4.638113741698E+05
295, Split,1,218, 1.53856E+01,1.3671756251699743E-04,  1.187981594668E+01, -5.296637597650E-01,  1.197369326984E+00,  2.553924294090E-01,  1.700462078136E-02,  1.964667955120E-01,  6.768878173695E+03,  1.163910830094E+03,  4.716513329319E+02
296, Merge,1;217;,1, 1.54068E+01,1.2023490433982481E+01
297, Split,1,219, 1.54068E+01,5.2051588775906042E-04,  9.220430421681E+00, -9.100755312094E-01,  6.393551162430E-01,  2.981587002604E-01, -1.181040698747E-01, -2.343355460294E-02,  1.514352495361E+03,  3.853764465503E+02,  1.402231645638E+02
298, Split,1,220, 1.54068E+01,1.0845597403740447E-10,  9.585937500000E+00,  1.276972555089E+00,  9.140625000000E-01,  1.482457419201E-01, -1.008475551593E-03, -7.272759005957E-02,  3.431062262742E+06,  1.102052000169E+06,  3.003104430016E+05
299, Split,1,221, 1.54068E+01,4.3435787560781158E-03,  1.120613152362E+01,  1.129852517602E+00, -1.679071580603E+00,  2.657015690807E-01,  1.108019207425E-01, -3.918643226711E-02,  6.516903050387E+02,  1.885560123066E+02,  4.844982236639E+01
300, Split,1,222, 1.54068E+01,1.0023441005128996E-04,  1.212526449006E+01, -2.575586632860E-01,  6.274830342215E-01,  1.106131940730E+00,  2.802542561690E-02,  9.364288029752E-02,  4.656959809347E+03,  4.785309004147E+02,  3.181471011839E+02
301, Merge,1;220;178;,1, 1.54279E+01,1.2040304687717317E+01
302, Merge,1;178;,1, 1.54279E+01,1.2040304687717317E+01
303, Split,1,223, 1.54489E+01,5.3271660232718085E-11,  9.585937500000E+00,  1.270000019715E+00,  9.140625000000E-01,  1.910847548870E-01, -7.976048000104E-03, -5.895603998099E-02,  0.000000000000E+00,  0.000000000000E+00,  0.000000000000E+00
304, Merge,1;223;,1, 1.54698E+01,1.2072996380481332E+01
305, Split,1,224, 1.54698E+01,3.1607874180677502E-11,  9.585937500000E+00,  1.265330501097E+00,  9.140625000000E-01,  2.178938835407E-01, -1.144094895910E-02, -5.120198599734E-02,  6.371402089143E+06,  2.041055359046E+06,  5.574768542328E+05
306, Merge,1;12;218;,1, 1.54911E+01,1.2089874938218873E+01
307, Merge,1;218;,1, 1.54911E+01,1.2089874938218873E+01
308, Split,224,225, 1.54911E+01,1.5605356089496205E-11,  9.585937500000E+00,  1.260416487269E+00,  9.140625000000E-01,  2.450733230824E-01, -1.461566377531E-02, -4.428871208519E-02,  1.283449484125E+07,  4.105822437622E+06,  1.122884109715E+06
309, Split,224,226, 1.54911E+01,1.6002518051067009E-11,  9.632812500000E+00,  1.195312500000E+00,  9.512604249195E-01,  3.497700447724E-01, -5.877585281018E-02,  2.395311120236E-02,  1.272151934754E+07,  3.968649211528E+06,  1.108285963837E+06
310, Merge,1;219;226;,1, 1.55121E+01,1.2106199141794347E+01
311, Merge,1;226;,1, 1.55121E+01,1.2106199141794347E+01
312, Merge,207;208;,227, 1.55121E+01,9.2655558883860528E-07
313, Split,225,228, 1.55121E+01,6.0686898659867109E-12,  9.585937500000E+00,  1.252221508829E+00,  9.140625000000E-01,  2.884969455932E-01, -1.856963644845E-02, -3.340017035600E-02,  2.059765321253E+07,  6.569841210900E+06,  1.802094277278E+06
314, Split,225,229, 1.55121E+01,9.5366662356387195E-12,  9.632812500000E+00,  1.195312500000E+00,  9.405632682885E-01,  3.507401811600E-01, -5.382377640890E-02,  2.155309263584E-02,  1.649203555909E+07,  5.129646438840E+06,  1.436957884792E+06
315, Split,1,230, 1.55121E+01,5.4501974500948032E-04,  1.136452204765E+01,  5.794647251763E-01,  9.087193178683E-02,  1.002383771207E+00,  4.073323602800E-02,  2.693127314494E-01,  2.584203204825E+03,  2.821317591514E+02,  1.920687741969E+02
316, Merge,1;229;222;,1, 1.55333E+01,1.2122459108451057E+01
317, Merge,1;222;,1, 1.55333E+01,1.2122459108451057E+01
318, Split,228,231, 1.55333E+01,1.2990568048128109E-12,  9.585937500000E+00,  1.243481665690E+00,  9.140625000000E-01,  3.330226414308E-01, -2.217134839358E-02, -2.381571009627E-02,  4.455613715904E+07,  1.416535504502E+07,  3.896922101272E+06
319, Split,228,232, 1.55333E+01,4.7696331021887974E-12,  9.632812500000E+00,  1.195312500000E+00,  9.141941292457E-01,  3.559744115951E-01, -4.419543638638E-02,  1.651503824201E-02,  2.333617274270E+07,  7.195746281718E+06,  2.033270191448E+06
320, Split,1,233, 1.55333E+01,1.4794733372774577E-04,  1.098773685907E+01,  1.285213224261E+00, -1.428321624052E+00,  6.449391535456E-02,  3.213122092081E-03,  5.199679181750E-02,  4.860679440700E+03,  1.431439809061E+03,  3.734507518517E+02
321, Split,1,234, 1.55333E+01,1.3671275107545540E-04,  1.192433603900E+01, -5.263041717063E-01,  1.235199655782E+00,  2.826447658776E-01,  3.688158894772E-02,  2.131520026742E-01,  5.563225785044E+03,  9.800525055026E+02,  3.868929230920E+02
322, Split,1,235, 1.55333E+01,1.0023441468368265E-04,  1.226305392790E+01, -2.524676995423E-01,  6.382443215455E-01,  1.092398517539E+00,  2.148336382847E-02,  9.318201299879E-02,  6.697169471072E+03,  6.821899652281E+02,  4.517587948171E+02
323, Merge,1;232;,1, 1.55546E+01,1.2138812976233755E+01
324, Split,231,236, 1.55546E+01,3.5865487963033701E-14,  9.585937500000E+00,  1.242187500000E+00,  9.140625000000E-01,  3.378655590434E-01, -2.301271106989E-02, -2.721610385629E-02,  1.897842558998E+08,  6.034973764805E+07,  1.659528244501E+07
325, Split,231,237, 1.55546E+01,1.2631913224282859E-12,  9.632812500000E+00,  1.195312500000E+00,  9.140625000000E-01,  3.580267594901E-01, -4.158680117798E-02,  1.428948844810E-02,  3.209298064298E+07,  9.904022617041E+06,  2.795715185469E+06
326, Split,1,238, 1.55546E+01,2.8280779638446238E-04,  1.222472887513E+01, -3.598490355487E-01,  4.465400653387E-01,  1.025509333449E+00, -1.241129383557E-03, -1.614870006957E-02,  2.804171595785E+03,  2.633321364637E+02,  1.911577127954E+02
327, Merge,1;237;205;,1, 1.55757E+01,1.2155677532608706E+01
328, Merge,1;205;,1, 1.55757E+01,1.2155677532608706E+01
329, Merge,1;236;,1, 1.55970E+01,1.2172031697993276E+01
330, Merge,235;238;,239, 1.55970E+01,1.2172031697993276E+01
331, Split,165,240, 1.55970E+01,9.3776359852612272E-05,  1.055211571053E+01,  7.416437154650E-01, -1.736127834230E+00, -5.578485132556E-02, -4.149830569881E-02,  1.246059255950E-01,  4.111577845418E+03,  1.325508816574E+03,  3.308196391374E+02
332, Split,165,241, 1.55970E+01,4.0511295002299558E-05,  1.057248039510E+01,  5.601135367467E-01, -1.787615881729E+00,  7.627947945028E-03, -1.524056286641E-01,  1.355293492431E-01,  6.267302336552E+03,  2.001277227213E+03,  5.022414523846E+02
333, Split,1,242, 1.55970E+01,2.5026731004682917E-04,  1.137353244827E+01, -1.350048162655E+00, -3.675136263746E-02,  7.226255648186E-01, -1.405248928810E-01,  3.091593817077E-01,  2.729006001200E+03,  5.604408589885E+02,  2.014109514484E+02
334, Split,239,243, 1.55970E+01,1.0023847411290203E-04,  1.233907238054E+01, -2.495849418885E-01,  6.480701894965E-01,  1.096148529637E+00,  1.060032499272E-02,  9.111531139482E-02,  4.779170953875E+03,  4.857721013490E+02,  3.200678796204E+02
335, Split,239,244, 1.55970E+01,2.8280373461120681E-04,  1.226879808474E+01, -3.601868805114E-01,  4.449679595863E-01,  1.024396624450E+00,  5.548511167349E-04, -1.378412465416E-02,  2.819117644985E+03,  2.633298382039E+02,  1.914433370506E+02
336, Split,196,245, 1.56181E+01,5.7316356034600071E-10,  1.091492753531E+01,  1.171875000000E-01, -4.921875000000E-01,  1.070953126074E+00, -6.560122483709E-02, -5.357642027980E-02,  0.000000000000E+00,  0.000000000000E+00,  0.000000000000E+00
337, Split,196,246, 1.56181E+01,1.9851655399171744E-03,  1.058653403266E+01,  3.978305509896E-01, -5.860410106647E-01,  6.630113417993E-01, -5.182991646931E-03,  7.629391280371E-02,  0.000000000000E+00,  0.000000000000E+00,  0.000000000000E+00
338, Split,1,247, 1.56181E+01,1.9662137660515048E-04,  1.170824639688E+01, -4.932990863394E-01, -1.058453750058E+00,  1.054859872888E+00, -1.699387971471E-01, -1.156035573193E-01,  0.000000000000E+00,  0.000000000000E+00,  0.000000000000E+00
339, Split,1,248, 1.56181E+01,4.6441417851240003E-04,  1.176314735813E+01,  1.031073514164E+00, -7.873813315500E-01,  7.355897867569E-01,  1.501905520538E-01, -6.121798275855E-02,  0.000000000000E+00,  0.000000000000E+00,  0.000000000000E+00
340, Merge,5;20;,249, 1.56397E+01,4.9078816683329873E-04
341, Merge,1;146;,1, 1.56397E+01,1.2205072099339018E+01
342, Split,221,250, 1.56610E+01,9.1728245897244092E-09,  1.114864179795E+01,  1.288305010979E+00, -1.476562500000E+00, -1.450643731354E-01, -7.250215458663E-03,  1.319605266201E-01,  0.000000000000E+00,  0.000000000000E+00,  0.000000000000E+00
343, Split,221,251, 1.56610E+01,4.3435692698037534E-03,  1.127728253678E+01,  1.159280161715E+00, -1.689171766771E+00,  2.529183072274E-01,  1.030458250105E-01, -2.792339563366E-02,  0.000000000000E+00,  0.000000000000E+00,  0.000000000000E+00
344, Split,86,252, 1.56828E+01,1.2970880218755044E-07,  8.630606798669E+00, -1.335937500000E+00, -7.735511545368E-01, -3.364540171245E-02,  1.154873837301E-01,  1.065578633242E-03,  0.000000000000E+00,  0.000000000000E+00,  0.000000000000E+00
345, Split,86,253, 1.56828E+01,1.7229628791837846E-03,  9.080706363229E+00, -1.233739900426E+00, -9.286041592505E-01,  1.923220490025E-01,  1.315947493288E-02, -5.901815470114E-03,  0.000000000000E+00,  0.000000000000E+00,  0.000000000000E+00
346, Split,201,254, 1.56828E+01,4.4947514711260152E-04,  1.219523140928E+01,  4.817724018588E-01,  8.592080559961E-01,  8.569780611752E-01,  4.302610176893E-02,  6.284958191113E-02,  0.000000000000E+00,  0.000000000000E+00,  0.000000000000E+00
347, Split,201,255, 1.56828E+01,6.7862100432808966E-04,  1.187552237021E+01,  5.765346603472E-01,  8.812915798010E-01,  7.741484324395E-01,  3.656403862121E-02,  5.901086036618E-02,  0.000000000000E+00,  0.000000000000E+00,  0.000000000000E+00
348, Merge,245;246;,256, 1.57046E+01,1.9851661022214822E-03
349, Split,1,257, 1.57264E+01,1.6871184398242626E-04,  1.172954930740E+01, -3.515723239568E-01, -1.210470867479E+00,  9.563963390654E-01, -9.196421864683E-02, -1.462070684974E-01,  0.000000000000E+00,  0.000000000000E+00,  0.000000000000E+00
350, Split,1,258, 1.57264E+01,2.8301542217104065E-04,  1.175632263799E+01, -1.421323268357E+00, -3.553291345019E-01,  6.783672053927E-01, -1.269534007004E-01, -1.072572527145E-02,  0.000000000000E+00,  0.000000000000E+00,  0.000000000000E+00
351, Merge,1;184;,1, 1.57704E+01,1.2306586738629044E+01
352, Split,1,259, 1.57704E+01,1.6691831480124199E-04,  9.164156474825E+00,  7.029362891106E-01, -1.099961383367E+00,  2.906187495375E-01,  2.169748153190E-01,  1.800685950219E-01,  2.723139422007E+03,  8.080635060173E+02,  2.501463207203E+02
353, Split,1,260, 1.57704E+01,1.6437067282586407E-10,  1.221093750000E+01,  1.640625000000E-01, -7.265625000000E-01,  1.373835912534E+00,  6.395065705902E-02,  1.267641490646E-01,  3.681692888839E+06,  4.189110091697E+05,  2.501102958919E+05
354, Merge,1;180;,1, 1.57927E+01,1.2324193269446802E+01
355, Split,1,261, 1.57927E+01,6.5530890077607245E-05,  1.217621282836E+01, -9.432785066109E-03, -7.318345653159E-01,  1.127221547373E+00, -6.185032839558E-02,  6.514371965862E-02,  5.807633267574E+03,  6.636594757699E+02,  3.941799495347E+02
356, Merge,188;200;,262, 1.58152E+01,7.3017862244657524E-04
357, Merge,1;234;,1, 1.58152E+01,1.2341889395214517E+01
358, Merge,1;256;,1, 1.58379E+01,1.2361379106119726E+01
359, Split,1,263, 1.58379E+01,2.9792686700471226E-06,  8.340519717240E+00, -1.476562500000E+00,  1.148380833927E+00, -1.423042930737E-02,  8.268820253380E-02, -6.011239511425E-02,  1.987567260799E+04,  8.707481679935E+03,  1.881887269464E+03
360, Split,1,264, 1.58379E+01,1.2223400740550582E-10,  8.648437500000E+00, -1.429687500000E+00,  1.382812500000E+00, -3.656742582905E-02,  3.302497040131E-02, -5.178190896836E-03,  3.127551452970E+06,  1.429287660269E+06,  2.937601539554E+05
361, Split,1,267, 1.58379E+01,2.0362316372015462E-04,  1.172425849731E+01, -1.213272191212E+00, -2.966566560323E-01,  8.819389832133E-01, -2.012750629772E-01,  7.718576580134E-02,  3.151119404223E+03,  5.795796500946E+02,  2.239754831728E+02
362, Split,251,265, 1.58379E+01,1.3891533175736803E-07,  1.080797288050E+01,  1.101124674866E+00, -1.757812500000E+00, -1.083510458234E-02, -5.465480473375E-02,  2.125808772954E-01,  1.108494927109E+05,  3.734794769383E+04,  8.690638466030E+03
363, Split,251,266, 1.58379E+01,4.3434303681655784E-03,  1.132504743927E+01,  1.178933152144E+00, -1.693985453223E+00,  2.448604870036E-01,  9.678886993480E-02, -1.966185993800E-02,  6.639950954233E+02,  1.989730719797E+02,  4.918301636780E+01
364, Split,1,268, 1.58602E+01,5.1720417979294741E-04,  9.605934770050E+00,  1.319791263045E-01, -9.602712256055E-01,  3.484893679191E-01, -4.355436779714E-02,  1.875099488704E-02,  0.000000000000E+00,  0.000000000000E+00,  0.000000000000E+00
365, Split,1,269, 1.58826E+01,6.8507908380123924E-10,  1.272656250000E+01,  6.328125000000E-01, -1.195312500000E+00,  1.304561199643E-01, -2.409243041565E-02, -1.039514733142E-01,  0.000000000000E+00,  0.000000000000E+00,  0.000000000000E+00
366, Merge,1;268;,1, 1.59050E+01,1.2413712452661294E+01
367, Split,1,270, 1.59050E+01,8.1898183473333539E-05,  9.090299064898E+00, -1.189108859526E+00,  1.802781098840E-01,  8.451042178892E-02, -5.117993267084E-02,  1.961642313093E-01,  3.903315127102E+03,  1.090227995526E+03,  3.573882264282E+02
368, Split,161,271, 1.59050E+01,3.2229070890044242E-03,  1.163308402569E+01,  7.362005773971E-01, -2.201532187254E-01,  7.579969385448E-01,  2.902534939337E-02, -4.467068182297E-03,  7.795649149287E+02,  9.901847897909E+01,  5.718150617234E+01
369, Split,161,272, 1.59050E+01,3.0976271531588524E-04,  1.164952283600E+01,  3.985441342396E-01, -5.470585168540E-01,  6.533265290344E-01, -2.216185191853E-01,  3.534386025449E-02,  2.517051652479E+03,  2.988921673369E+02,  1.845599484005E+02
370, Merge,1;230;,1, 1.59273E+01,1.2418172477908380E+01
371, Split,266,273, 1.59273E+01,1.7351859790569574E-04,  1.099435404218E+01,  1.151801388573E+00, -1.722754885819E+00,  1.512593511084E-01,  8.941742044566E-02,  8.166987645561E-02,  3.205567535251E+03,  1.043413537082E+03,  2.452617253066E+02
372, Split,266,274, 1.59273E+01,4.1699117833689263E-03,  1.136349506749E+01,  1.189645509080E+00, -1.694747905901E+00,  2.445457844436E-01,  9.357391673165E-02, -2.004118757914E-02,  6.813464382880E+02,  2.045006990848E+02,  5.005665210267E+01
373, Split,1,275, 1.59273E+01,1.3118743858609856E-02,  1.148012459916E+01, -1.683926950815E+00,  1.264699501123E-01,  4.164104079776E-01, -4.185784518192E-02,  2.343331829824E-02,  3.855178660232E+02,  9.591505256488E+01,  2.820523478843E+01
374, Split,1,276, 1.59273E+01,3.7333728156187593E-04,  1.171173012364E+01, -1.149661618537E+00, -7.367352192255E-01,  7.811003987909E-01, -7.287030481174E-02,  2.389169764585E-03,  2.330454357650E+03,  4.672590934277E+02,  1.642335809776E+02
375, Split,261,277, 1.59273E+01,8.7514512989880901E-09,  1.235156250000E+01,  1.171875000000E-01, -7.265625000000E-01,  1.306073925595E+00,  5.263942622749E-02,  4.350109585612E-03,  5.131374251477E+05,  5.726728880164E+04,  3.408605002097E+04
376, Split,261,278, 1.59273E+01,6.5522137109221465E-05,  1.231642254512E+01, -1.789649967875E-02, -7.240191946089E-01,  1.124210496715E+00, -4.095409153700E-02,  2.925755275037E-02,  5.905976733750E+03,  6.607566957317E+02,  3.920371547178E+02
377, Split,183,279, 1.59273E+01,2.1188635895596244E-04,  1.215731803301E+01, -7.908417432192E-01,  2.245093868101E-01,  7.850983395163E-01, -4.215190528089E-02, -1.224322904122E-01,  3.228498193366E+03,  3.977512331123E+02,  2.227305000714E+02
378, Split,183,280, 1.59273E+01,1.8266407152794748E-03,  1.197239188844E+01, -1.028201427149E+00,  6.799613355107E-01,  5.866806110525E-01,  1.860121530835E-02,  4.710435144603E-02,  1.082705298655E+03,  1.855381715992E+02,  7.604193949425E+01
379, Split,1,281, 1.59724E+01,1.4878337983106345E-06,  8.414062500000E+00, -1.474001600638E+00,  1.195312500000E+00, -2.092522338436E-02,  6.166770259285E-02, -4.257286671414E-02,  0.000000000000E+00,  0.000000000000E+00,  0.000000000000E+00
380, Split,1,282, 1.59724E+01,5.8098113545507540E-03,  9.154139062103E+00,  4.204069609458E-01, -1.457214358772E+00,  2.837337123119E-01,  1.312038849994E-01,  1.733962368418E-03,  0.000000000000E+00,  0.000000000000E+00,  0.000000000000E+00
381, Merge,277;278;,283, 1.59952E+01,6.5530883961954705E-05
382, Split,275,284, 1.59952E+01,3.2402950102138956E-04,  1.174106043283E+01, -1.625767348418E+00, -3.449371572402E-01,  5.322405084402E-01, -1.558888682343E-01, -4.275501840323E-02,  1.785115499154E+00,  1.826077262970E-02,  1.636775218446E-02
383, Split,275,285, 1.59952E+01,1.2794699198865146E-02,  1.150366281500E+01, -1.688536678234E+00,  1.400457714826E-01,  4.101580409053E-01, -3.720237127486E-02,  2.387490726390E-02,  3.327062228383E-01,  2.976602299331E-03,  2.589189746758E-03
384, Split,212,286, 1.60183E+01,2.8820612345122660E-08,  1.305535243799E+01,  9.609375000000E-01, -7.031250000000E-02,  8.489998582234E-01, -3.967778473541E-02,  1.045680701476E-01,  0.000000000000E+00,  0.000000000000E+00,  0.000000000000E+00
385, Split,212,287, 1.60183E+01,5.4231114950117985E-04,  1.313984149457E+01,  8.660845290141E-01, -1.991367196752E-02,  1.129815841079E+00,  2.658620091334E-02,  8.344974276724E-02,  0.000000000000E+00,  0.000000000000E+00,  0.000000000000E+00
386, Merge,1;286;,1, 1.60414E+01,1.2501246254499385E+01
387, Split,1,288, 1.60414E+01,5.8635060069943008E-05,  8.550378799158E+00, -1.444530665608E+00,  1.298311517900E+00, -8.146119886536E-03,  2.309856869665E-02, -5.977097096755E-03,  4.574548007541E+03,  2.041104506869E+03,  4.252676114187E+02
388, Split,280,289, 1.60414E+01,1.0522343111564619E-03,  1.211223037486E+01, -9.168901470478E-01,  5.402386182919E-01,  6.378026281319E-01,  2.717879261164E-02, -2.230393433264E-02,  1.446717728447E+03,  2.171009392340E+02,  1.004246505410E+02
389, Split,280,290, 1.60414E+01,7.7440639305254011E-04,  1.194979073673E+01, -1.174640326838E+00,  8.864424067148E-01,  4.988263556814E-01,  3.746639443492E-03,  1.371148417601E-01,  1.666986313167E+03,  3.346831386561E+02,  1.170797891800E+02
390, Merge,1;282;,1, 1.60645E+01,1.2524629458567851E+01
391, Split,1,291, 1.60645E+01,5.1717453123766531E-04,  9.687786173238E+00,  1.223255802192E-01, -9.546756469208E-01,  3.437402035509E-01, -4.707634517597E-02,  1.737187349820E-02,  1.623884587941E+03,  3.520926727723E+02,  1.408114886458E+02
392, Split,285,292, 1.60645E+01,2.0601797065514406E-04,  1.093503508861E+01, -1.716592813806E+00,  4.051217688098E-01,  1.937710767746E-01,  8.190858391646E-02, -1.138629201195E-01,  2.908635337438E+03,  8.502471081900E+02,  2.268570851995E+02
393, Split,285,293, 1.60645E+01,1.2588679687258452E-02,  1.154299451278E+01, -1.690840790360E+00,  1.374302653505E-01,  4.103727412829E-01, -3.730212531798E-02,  2.490451954356E-02,  3.969815720209E+02,  9.911535449500E+01,  2.892929605710E+01
394, Merge,1;276;,1, 1.60877E+01,1.2528432939411955E+01
395, Merge,260;283;,294, 1.60877E+01,1.2528432939411955E+01
396, Split,1,295, 1.60877E+01,5.8097997171333311E-03,  9.187734009986E+00,  4.363546137234E-01, -1.456836429658E+00,  2.824547225382E-01,  1.301728121633E-01,  7.865431374180E-04,  4.716840463970E+02,  1.607284945966E+02,  4.219921712302E+01
397, Split,1,296, 1.60877E+01,3.2753909257286105E-03,  1.002021955346E+01,  3.892238630038E-01, -9.725620289584E-01,  4.027492970030E-01, -2.484951098062E-02,  5.090935064070E-02,  6.627733242940E+02,  1.463681623297E+02,  5.632653990342E+01
398, Split,1,297, 1.60877E+01,5.5464939697835941E-03,  1.172914167488E+01, -8.567089050694E-01, -9.777743865314E-01,  8.441622543633E-01,  3.316477275997E-02, -6.793603462107E-02,  6.060484050924E+02,  1.182909579140E+02,  4.247254055126E+01
399, Split,294,298, 1.60877E+01,3.5705141350996771E-09,  1.253906250000E+01,  1.184287344286E-01, -7.265681569137E-01,  1.267197646106E+00,  8.564753580051E-02, -3.784215597515E-02,  8.211966265988E+05,  8.970587885112E+04,  5.357678897100E+04
400, Split,294,299, 1.60877E+01,6.5527477054605493E-05,  1.249622100370E+01, -1.675769401182E-02, -7.157965811907E-01,  1.123705774783E+00,  1.232051856228E-02, -1.780282312009E-02,  6.031420764152E+03,  6.568590791970E+02,  3.935346313838E+02
401, Merge,1;248;,1, 1.61107E+01,1.2546892796236008E+01
402, Split,297,300, 1.61107E+01,3.7344241224736453E-04,  1.185829362557E+01, -1.167878626465E+00, -7.363153530243E-01,  7.842266915983E-01, -9.234311080094E-02, -1.686026728453E-02,  2.373319724091E+03,  4.738649189387E+02,  1.645362568008E+02
403, Split,297,301, 1.61107E+01,5.1730515409869893E-03,  1.174050962229E+01, -8.333645227875E-01, -9.968718036213E-01,  8.485756198731E-01,  4.035924136971E-02, -7.404036470116E-02,  6.284843025840E+02,  1.225975274029E+02,  4.401396397652E+01
404, Split,298,302, 1.61107E+01,3.4759682713015549E-09,  1.253906250000E+01,  1.171875000000E-01, -7.265625000000E-01,  1.256904638466E+00,  1.042636414700E-01, -3.822983087694E-02,  8.323785356961E+05,  9.109477977592E+04,  5.434540731095E+04
405, Split,298,303, 1.61107E+01,9.4546023256326273E-11,  1.258593750000E+01,  1.640625000000E-01, -7.413909199427E-01,  1.253096636405E+00,  7.561578165066E-02, -7.259745467519E-03,  5.074928591083E+06,  5.601904272589E+05,  3.300667489691E+05
406, Merge,1;13;202;,1, 1.61340E+01,1.2565292009030749E+01
407, Merge,1;202;,1, 1.61340E+01,1.2565292009030749E+01
408, Merge,1;140;,1, 1.61794E+01,1.2533369621127845E+01
409, Split,1,304, 1.61794E+01,5.9158373404514589E-02,  1.082045659912E+01, -8.915832186843E-01, -7.290745168252E-01,  6.116577026577E-01, -6.075415680459E-03,  3.822431438433E-02,  1.684070411663E+02,  3.584296684555E+01,  1.297618701368E+01
410, Split,1,305, 1.61794E+01,8.6971089354545214E-03,  1.141653510112E+01, -1.400291728712E+00,  1.100595945898E+00,  3.166076589595E-01,  2.975109925731E-02,  7.194088331035E-02,  4.724757271543E+02,  1.260284978841E+02,  3.436015283580E+01
411, Split,1,306, 1.62020E+01,3.4500909516731598E-03,  1.195113572015E+01, -1.211495944551E+00,  1.265276322630E+00,  3.668809231302E-01,  3.120018165213E-02,  6.181539948454E-02,  0.000000000000E+00,  0.000000000000E+00,  0.000000000000E+00
412, Split,1,307, 1.62020E+01,3.4809703913696354E-04,  1.169994569900E+01, -1.284262834770E+00,  1.358979776428E+00,  3.201250677488E-01,  7.774999806716E-02,  1.647371323529E-01,  0.000000000000E+00,  0.000000000000E+00,  0.000000000000E+00
413, Split,1,308, 1.62246E+01,2.4663184295836991E-04,  1.013195163381E+01,  6.851808256491E-01, -7.455963314402E-01,  3.917274900104E-01, -4.537962399208E-02,  5.322730883763E-02,  0.000000000000E+00,  0.000000000000E+00,  0.000000000000E+00
414, Merge,153;293;,309, 1.62473E+01,1.2821570408297733E-02
415, Split,1,310, 1.62473E+01,8.7541174984999155E-04,  1.312077698832E+01,  1.142002618080E-01,  7.544862278479E-01,  9.444860006164E-01, -8.393380042604E-02,  4.469890689942E-02,  2.078996450085E+01,  1.939716981844E+00,  1.032787489733E+00
416, Split,1,311, 1.62702E+01,2.4348155604730012E-04,  9.621372693290E+00, -1.052874219662E+00,  5.566340683970E-01,  3.886047827969E-01, -1.376238944440E-01,  4.030519054104E-02,  0.000000000000E+00,  0.000000000000E+00,  0.000000000000E+00
417, Split,309,312, 1.62702E+01,3.5418926743902512E-04,  1.143676813416E+01, -1.468397733561E+00,  6.635866396146E-02,  4.116952612971E-01, -3.476642132492E-02,  1.493097881186E-01,  0.000000000000E+00,  0.000000000000E+00,  0.000000000000E+00
418, Split,309,313, 1.62702E+01,1.2467381145007755E-02,  1.163446330165E+01, -1.698173229866E+00,  1.523845137407E-01,  4.021197933783E-01, -3.195041397374E-02,  2.252030679553E-02,  0.000000000000E+00,  0.000000000000E+00,  0.000000000000E+00
419, Split,197,314, 1.62702E+01,2.8368846816301377E-05,  1.228969797624E+01, -2.671351481694E-01,  7.582772660434E-01,  9.806549968898E-01, -1.471113289101E-02,  3.699309014708E-02,  0.000000000000E+00,  0.000000000000E+00,  0.000000000000E+00
420, Split,197,315, 1.62702E+01,1.9092760552138674E-03,  1.203433086137E+01, -6.026674330491E-01,  7.117967054040E-01,  7.563683592577E-01, -1.337275996697E-01, -9.212975696959E-02,  0.000000000000E+00,  0.000000000000E+00,  0.000000000000E+00
421, Merge,1;272;254;,1, 1.62934E+01,1.2617661508457251E+01
422, Merge,1;254;,1, 1.62934E+01,1.2617661508457251E+01
423, Split,1,316, 1.62934E+01,2.3967388245566505E-04,  1.272642613101E+01,  8.378406848951E-01, -1.061366634888E-02,  1.158397832871E+00,  9.178393037347E-02, -1.037145587398E-01,  4.585094569766E+03,  5.043324659433E+02,  2.934539170442E+02
424, Split,304,317, 1.63167E+01,5.9025112856716619E-02,  1.090712209786E+01, -8.923417956150E-01, -7.229633648128E-01,  6.157565633355E-01, -6.441155386536E-03,  3.909370992162E-02,  0.000000000000E+00,  0.000000000000E+00,  0.000000000000E+00
425, Split,304,318, 1.63167E+01,1.3326073144170723E-04,  9.755403277606E+00, -9.985482323386E-01, -1.036165242219E+00,  2.568765791204E-01,  3.205771764555E-03, -9.435540347786E-02,  0.000000000000E+00,  0.000000000000E+00,  0.000000000000E+00
426, Split,262,319, 1.63167E+01,4.6688218229021277E-04,  1.184350609407E+01, -4.495870573770E-01, -1.327863799288E+00,  5.307319905570E-01,  2.470803112086E-02, -6.171035587213E-02,  0.000000000000E+00,  0.000000000000E+00,  0.000000000000E+00
427, Split,262,320, 1.63167E+01,2.6329074209533522E-04,  1.183773081469E+01, -6.456621686131E-01, -1.469952189390E+00,  4.239316763973E-01, -4.028430270373E-02, -1.050510402322E-01,  0.000000000000E+00,  0.000000000000E+00,  0.000000000000E+00
428, Split,290,321, 1.63167E+01,5.8220787980108588E-04,  1.213875644606E+01, -1.114528946967E+00,  9.488979075266E-01,  5.031841090169E-01,  2.765779472707E-02,  1.467301556750E-01,  0.000000000000E+00,  0.000000000000E+00,  0.000000000000E+00
429, Split,290,322, 1.63167E+01,1.9217856183704725E-04,  1.197487069277E+01, -1.358173925501E+00,  8.799639497154E-01,  3.933959458882E-01, -5.633022293349E-02,  1.089396844498E-01,  0.000000000000E+00,  0.000000000000E+00,  0.000000000000E+00
430, Split,287,323, 1.63167E+01,6.2687393631290499E-08,  1.342913833646E+01,  9.609375000000E-01, -2.343750000000E-02,  8.770003211285E-01, -4.931356458277E-02,  4.862928657010E-02,  0.000000000000E+00,  0.000000000000E+00,  0.000000000000E+00
431, Split,287,324, 1.63167E+01,5.4224838483000245E-04,  1.347583532232E+01,  8.741796656273E-01,  8.235859741185E-03,  1.149837878353E+00,  5.111413063378E-03,  8.788482569389E-02,  0.000000000000E+00,  0.000000000000E+00,  0.000000000000E+00
432, Split,1,325, 1.63403E+01,1.9546704045795020E-04,  1.023836239572E+01, -9.147485175372E-01,  2.052790097716E-01,  5.935824346505E-01,  2.035609273306E-02,  7.281402913674E-03,  0.000000000000E+00,  0.000000000000E+00,  0.000000000000E+00
433, Split,1,326, 1.63403E+01,2.0081347741523334E-06,  1.198939255394E+01,  1.014030038661E+00, -1.525276219700E+00, -5.364240517559E-02, -3.742444502468E-02, -1.256093534950E-01,  0.000000000000E+00,  0.000000000000E+00,  0.000000000000E+00
434, Split,301,327, 1.63403E+01,2.2625313796638137E-04,  1.220302927005E+01, -1.093782625911E+00, -8.104197170203E-01,  9.904503137516E-01, -2.501738097650E-01, -1.282803376214E-01,  0.000000000000E+00,  0.000000000000E+00,  0.000000000000E+00
435, Split,301,328, 1.63403E+01,4.9467983727392749E-03,  1.192227630359E+01, -8.125375957292E-01, -1.026242385144E+00,  8.386508099139E-01,  3.819835858761E-02, -9.520424359032E-02,  0.000000000000E+00,  0.000000000000E+00,  0.000000000000E+00
436, Merge,305;306;,329, 1.63637E+01,1.2147199870929997E-02
437, Split,258,330, 1.63637E+01,2.1791406553816879E-04,  1.217903658526E+01, -1.543638892218E+00, -3.199164031037E-01,  5.498663868935E-01, -1.559451269036E-01, -1.821807189944E-03,  2.664252846884E+01,  6.775014555988E+00,  1.807627746232E+00
438, Split,258,331, 1.63637E+01,6.5101119644938677E-05,  1.211720396540E+01, -1.536661907089E+00, -5.009430214594E-01,  3.821726201666E-01, -3.543838579730E-01, -1.147496508715E-01,  5.333219433246E+01,  1.239990199774E+01,  3.293585203581E+00
439, Merge,281;288;288;295;,332, 1.63871E+01,                   NaN
440, Merge,1;288;,1, 1.63871E+01,1.2690556619179141E+01
441, Merge,1;295;,1, 1.63871E+01,1.2690556619179141E+01
442, Merge,150;313;,333, 1.63871E+01,1.2671513794989493E-02
443, Split,1,334, 1.63871E+01,5.6448645307197625E-07,  8.601562500000E+00, -1.429687500000E+00,  1.289062500000E+00,  4.838934408244E-03,  6.525252427373E-03, -1.526269620866E-02,  6.786772573005E+04,  2.947476964154E+04,  6.082129338188E+03
444, Split,332,335, 1.63871E+01,5.8097870222911015E-03,  9.274655989419E+00,  4.770958977942E-01, -1.456627268673E+00,  2.777864447489E-01,  1.270943503810E-01, -1.310597553500E-03,  6.826933106192E+02,  2.312498033635E+02,  5.934513598748E+01
445, Split,332,336, 1.63871E+01,5.9558407636228884E-05,  8.550454478149E+00, -1.431346314808E+00,  1.294428347301E+00,  1.431959358293E-03,  2.605419932519E-02, -3.500647247128E-03,  6.603097725073E+03,  2.878053603423E+03,  5.921113272792E+02
446, Split,317,337, 1.63871E+01,7.5370121117592008E-05,  1.185409993217E+01, -4.334065399785E-01, -9.182576517030E-01,  1.183813500853E+00, -1.908893027129E-01, -2.524350175639E-01,  7.448910882919E+03,  1.197872207396E+03,  5.152700268294E+02
447, Split,317,338, 1.63871E+01,5.8949742773679890E-02,  1.094929391384E+01, -8.934183474112E-01, -7.198608086816E-01,  6.165148641133E-01, -6.154417748044E-03,  3.968139828162E-02,  2.428964971287E+02,  5.099780250885E+01,  1.849343723690E+01
448, Merge,334;336;,339, 1.64105E+01,6.0122894105816299E-05
449, Merge,1;335;323;,1, 1.64105E+01,1.2714525494871300E+01
450, Merge,1;323;,1, 1.64105E+01,1.2714525494871300E+01
451, Split,1,340, 1.64105E+01,1.3667039867653000E-04,  1.034818776729E+01, -4.755368931861E-01, -4.130784743981E-01,  7.295170729365E-01,  7.745552655973E-02, -1.234073814920E-01,  4.763742572412E+03,  7.048646545459E+02,  3.842967445489E+02
452, Split,1,341, 1.64331E+01,5.8095508305686348E-03,  9.287864924075E+00,  4.831536225378E-01, -1.456616700003E+00,  2.771016015618E-01,  1.265058965577E-01, -1.789475619427E-03,  0.000000000000E+00,  0.000000000000E+00,  0.000000000000E+00
453, Split,1,342, 1.64331E+01,2.7370547962343991E-08,  1.113281250000E+01,  4.890158653807E-01, -1.617187500000E+00,  2.126437425878E-02,  2.490176015738E-02,  2.411974078846E-01,  0.000000000000E+00,  0.000000000000E+00,  0.000000000000E+00
454, Merge,264;339;,343, 1.64559E+01,6.0122994309893770E-05
455, Split,1,344, 1.64559E+01,5.3686817695666312E-05,  8.773843242955E+00, -1.446563839707E+00,  1.323227021280E+00,  2.823686009629E-02,  1.755407714053E-02,  1.246451931364E-02,  5.354041672902E-01,  7.485569534985E-02,  3.901472410064E-02
456, Split,1,345, 1.64559E+01,3.1174421382099702E-04,  1.010461559843E+01, -1.025756836676E+00,  5.385342274484E-01,  4.028665671299E-01,  4.288014687027E-02,  1.026716907182E-02,  1.741025627152E+00,  3.557537609569E-02,  1.543752920153E-02
457, Split,1,348, 1.64559E+01,9.8017284823757921E-04,  1.184653676595E+01,  1.516666375466E-01,  7.517046585267E-01,  9.353957382487E-01,  1.143745467959E-01, -5.639512369413E-02,  2.045870225501E+00,  1.872219684865E-02,  8.939814332294E-03
458, Split,329,346, 1.64559E+01,1.1093818953466533E-02,  1.173347109779E+01, -1.319351999749E+00,  1.204117402256E+00,  3.419374878594E-01,  3.458234970159E-02,  6.842053123143E-02,  5.242504190996E-01,  5.472921494377E-03,  2.611642197336E-03
459, Split,329,347, 1.64559E+01,1.0533809083205197E-03,  1.092299313658E+01, -1.513439328624E+00,  7.768806653089E-01,  1.454871793077E-01,  1.489397117568E-01,  3.083040531251E-02,  1.297132136872E+00,  1.882308603713E-02,  8.495463906780E-03
460, Merge,343;344;,349, 1.64783E+01,1.1380981209539475E-04
461, Split,338,350, 1.64783E+01,2.5961982570327866E-03,  1.079871499537E+01, -6.601137330986E-01, -1.284721844675E+00,  5.269976023183E-01, -1.365073246806E-01, -1.011064814350E-01,  1.615769087946E+00,  4.776922186553E-02,  1.191196460164E-02
462, Split,338,351, 1.64783E+01,5.6353544678885023E-02,  1.101515450144E+01, -9.047922912092E-01, -6.898493739144E-01,  6.225445463016E-01,  3.943139402710E-05,  4.636444600170E-02,  3.151690581907E-01,  9.138338358698E-03,  2.524473855204E-03
463, Split,233,352, 1.64783E+01,2.7576784290979019E-05,  1.103906250000E+01,  1.296733403015E+00, -1.220557027350E+00,  1.258921640468E-01, -9.273232989114E-02,  1.985231144151E-01,  2.007868640961E+01,  4.808357086994E-01,  1.324037813507E-01
464, Split,233,353, 1.64783E+01,1.2037054418556986E-04,  1.107914926340E+01,  1.179552661178E+00, -1.366335172191E+00,  1.560340306065E-01, -1.250013534421E-01,  1.437443609395E-01,  9.689873276356E+00,  2.299830913175E-01,  6.298859303270E-02
465, Split,269,354, 1.64783E+01,2.8326990505497851E-11,  1.310156250000E+01,  6.840030617644E-01, -1.195312500000E+00,  5.855485591049E-02, -2.205956422732E-03, -8.214156234827E-02,  2.476067463315E+04,  3.748405130780E+02,  1.273814290183E+02
466, Split,269,355, 1.64783E+01,6.5675227447939789E-10,  1.314843750000E+01,  6.328125000000E-01, -1.195312500000E+00,  5.588559624230E-02, -8.298505890508E-03, -1.093091516437E-01,  5.159550959848E+03,  7.719589604486E+01,  2.638726337809E+01
467, Split,349,356, 1.65010E+01,5.3686817783652801E-05,  8.775386745439E+00, -1.445657052817E+00,  1.323541335107E+00,  3.058779428677E-02,  1.814094499941E-02,  1.428093289902E-02,  0.000000000000E+00,  0.000000000000E+00,  0.000000000000E+00
468, Split,349,357, 1.65010E+01,6.0122994390076199E-05,  8.552614198305E+00, -1.426873051106E+00,  1.292637119456E+00,  2.461832486185E-03,  2.461489104164E-02, -5.276645615197E-03,  0.000000000000E+00,  0.000000000000E+00,  0.000000000000E+00
469, Split,351,358, 1.65010E+01,5.1984606386187487E-02,  1.112844048644E+01, -8.864023251316E-01, -6.952718371200E-01,  6.426000949143E-01, -2.212745583716E-03,  5.172759079347E-02,  0.000000000000E+00,  0.000000000000E+00,  0.000000000000E+00
470, Split,351,359, 1.65010E+01,4.3689383341941578E-03,  9.848736405582E+00, -1.123498750303E+00, -6.109306716706E-01,  3.913358302426E-01,  2.591112057024E-02, -1.720268764919E-02,  0.000000000000E+00,  0.000000000000E+00,  0.000000000000E+00
471, Merge,1;326;321;,1, 1.65236E+01,1.2796168327648104E+01
472, Merge,1;321;,1, 1.65236E+01,1.2796168327648104E+01
473, Split,1,360, 1.65457E+01,2.3777821670720536E-04,  9.574983983868E+00, -1.088870299749E+00,  6.672402244601E-01,  2.877041163669E-01, -1.121859442880E-01,  2.169148827255E-02,  0.000000000000E+00,  0.000000000000E+00,  0.000000000000E+00
474, Split,333,361, 1.65681E+01,3.6289851960096849E-04,  1.124445112678E+01, -1.826030913669E+00,  4.438851694878E-01,  1.895411446176E-01,  2.310945032356E-02, -1.536861751149E-02,  0.000000000000E+00,  0.000000000000E+00,  0.000000000000E+00
475, Split,333,362, 1.65681E+01,1.2308615387054581E-02,  1.177115929869E+01, -1.702389733691E+00,  1.543445118675E-01,  3.941342635025E-01, -2.868177015437E-02,  2.054115909476E-02,  0.000000000000E+00,  0.000000000000E+00,  0.000000000000E+00
476, Split,1,363, 1.65900E+01,1.6690669094520964E-03,  9.445250710203E+00,  8.267139058644E-01, -2.999397458882E-01,  2.159968430173E-01, -7.141948088569E-02,  6.596521843063E-02,  0.000000000000E+00,  0.000000000000E+00,  0.000000000000E+00
477, Split,1,364, 1.65900E+01,1.7562203618331973E-03,  1.120772737655E+01,  3.895109534760E-01, -4.973566868775E-01,  6.833530341921E-01, -5.421599289996E-02,  8.244780026423E-02,  0.000000000000E+00,  0.000000000000E+00,  0.000000000000E+00
478, Merge,1;345;177;255;195;,1, 1.66124E+01,1.2862262580542890E+01
479, Merge,1;177;,1, 1.66124E+01,1.2862262580542890E+01
480, Merge,1;255;,1, 1.66124E+01,1.2862262580542890E+01
481, Merge,1;195;,1, 1.66124E+01,1.2862262580542890E+01
482, Split,1,365, 1.66124E+01,3.5212297484198899E-04,  1.263605413904E+01, -1.308162292858E+00, -9.258815141843E-01,  5.939967353350E-01, -2.081387324538E-01, -1.335683148477E-01,  5.367439839685E+03,  1.082033575739E+03,  3.404510830157E+02
483, Split,1,366, 1.66124E+01,6.7862099695116074E-04,  1.257969253877E+01,  5.921886810885E-01,  9.596618792149E-01,  7.369487583438E-01, -1.485835013433E-02,  8.684869839884E-02,  3.811803369917E+03,  5.528638537968E+02,  2.435970913036E+02
484, Split,1,367, 1.66345E+01,1.9939649403162696E-06,  1.201965999237E+01,  1.018037992289E+00, -1.525289286298E+00, -4.102039112186E-02, -3.616914272393E-02, -9.173458896982E-02,  0.000000000000E+00,  0.000000000000E+00,  0.000000000000E+00
485, Merge,1;366;365;,1, 1.66565E+01,1.2897453180897383E+01
486, Merge,1;365;,1, 1.66565E+01,1.2897453180897383E+01
487, Split,1,368, 1.66565E+01,5.8001393240304552E-05,  1.131568865029E+01,  5.003232682184E-01, -1.613500975222E+00, -1.263612523460E-02, -5.014892372457E-02,  5.742036001643E-02,  8.142993637391E+03,  2.221128808926E+03,  5.967923781774E+02
488, Split,1,369, 1.66565E+01,2.0164367784573193E-04,  1.207304054392E+01, -5.049558548239E-01, -3.217754870454E-01,  9.024135986039E-01, -3.895313250665E-02, -1.308043628784E-01,  4.659754613490E+03,  5.166592625926E+02,  3.188339054496E+02
489, Merge,1;341;,1, 1.66789E+01,1.2828565509828499E+01
490, Split,1,370, 1.66789E+01,8.6000335529286015E-02,  9.441115297493E+00, -1.131375407990E+00,  7.334432122539E-01,  2.476736789738E-01,  9.776223855267E-03,  2.178000228646E-03,  1.287692779736E+02,  3.794838383924E+01,  1.106506396940E+01
491, Split,1,371, 1.66789E+01,5.8095501224663055E-03,  9.358061570513E+00,  5.160082131400E-01, -1.456828963543E+00,  2.724532912845E-01,  1.225492908468E-01, -2.649268932794E-03,  4.938721607117E+02,  1.651549203093E+02,  4.126230912028E+01
492, Split,1,372, 1.66789E+01,3.5211587068241518E-04,  1.267719490404E+01, -1.323844031071E+00, -9.363615132290E-01,  5.667540987281E-01, -2.147545711152E-01, -1.380474590275E-01,  2.695138937659E+03,  5.474825439108E+02,  1.644604884629E+02
493, Split,371,373, 1.67009E+01,1.6160782486586496E-04,  9.367382352125E+00,  7.339265497805E-01, -1.095403673826E+00,  2.241376115983E-01,  1.395783894387E-01,  1.401905919535E-01,  0.000000000000E+00,  0.000000000000E+00,  0.000000000000E+00
494, Split,371,374, 1.67009E+01,5.6479422972272823E-03,  9.364387743042E+00,  5.127138797704E-01, -1.467219360346E+00,  2.732991883569E-01,  1.216531518285E-01, -6.880917310515E-03,  0.000000000000E+00,  0.000000000000E+00,  0.000000000000E+00
495, Split,1,375, 1.67009E+01,7.1487990460187206E-09,  1.146093750000E+01,  5.390625000000E-01, -1.672714604692E+00, -4.898396617053E-02, -2.909899316649E-02, -1.053496847935E-02,  0.000000000000E+00,  0.000000000000E+00,  0.000000000000E+00
496, Split,1,376, 1.67009E+01,1.4157169572401610E-08,  1.207031250000E+01,  1.101562500000E+00, -1.523437500000E+00,  6.965733482938E-02,  3.380144074297E-02, -6.772140506146E-02,  0.000000000000E+00,  0.000000000000E+00,  0.000000000000E+00
497, Merge,1;7;,1, 1.67225E+01,1.2862948241425489E+01
498, Split,350,377, 1.67225E+01,6.4189954239813772E-04,  1.128016067629E+01, -7.614331127168E-01, -1.120971785485E+00,  5.796821023500E-01, -1.086820253981E-01,  2.054691690550E-02,  1.717357718573E+03,  3.970914005514E+02,  1.203363324465E+02
499, Split,350,378, 1.67225E+01,1.9542987399175284E-03,  1.081144348396E+01, -6.762487021859E-01, -1.373473557878E+00,  4.852493071500E-01, -1.172167321290E-01, -1.254010612931E-01,  9.438410076474E+02,  2.627172072544E+02,  6.887292262352E+01
500, Merge,361;362;,379, 1.67445E+01,1.2671514001073371E-02
501, Split,357,380, 1.67445E+01,5.7981388217089524E-05,  8.561037246097E+00, -1.411400552449E+00,  1.287272573633E+00,  1.369436846062E-03,  1.932106657163E-02, -1.800716434197E-02,  1.149048473549E+02,  6.158157340319E+00,  3.444082447480E+00
502, Split,357,381, 1.67445E+01,2.1416061413487143E-06,  8.420506448485E+00, -1.460273676818E+00,  1.165688412380E+00, -6.766502681076E-03,  7.795250799932E-02, -6.635540426499E-02,  6.138100741698E+02,  3.251318386008E+01,  1.768953953331E+01
503, Split,346,382, 1.67445E+01,2.2678246394790776E-04,  1.193691621901E+01, -7.723983438393E-01,  1.418268010010E+00,  2.611324631187E-01,  2.947899182074E-01,  8.138487769663E-02,  2.638221014928E+01,  4.244628679597E+00,  1.943995854857E+00
504, Split,346,383, 1.67445E+01,1.0867036409349025E-02,  1.183534213963E+01, -1.318164735894E+00,  1.221674417767E+00,  3.341802378894E-01,  4.348029969747E-02,  6.535457854245E-02,  2.762714520544E+00,  5.889899719086E-01,  2.317751490628E-01
505, Split,1,384, 1.67445E+01,4.2269646176344259E-08,  1.280856493524E+01,  9.609375000000E-01,  1.195312500000E+00,  2.060991106322E-02,  1.033664163611E-01,  2.607298705103E-02,  3.708670171027E+03,  3.217314831473E+02,  1.799495898862E+02
506, Merge,1;374;,1, 1.67664E+01,1.2902334922865156E+01
507, Split,1,385, 1.67664E+01,8.9833291308421238E-05,  1.109707420127E+01,  4.876643313340E-01, -1.722079393627E+00, -2.512022418063E-02,  6.479386715968E-02,  4.614253364628E-02,  4.544153292110E+03,  1.359905026950E+03,  3.314618543816E+02
508, Split,1,388, 1.67664E+01,4.5450713986847741E-04,  1.309869905426E+01,  4.655688258091E-01, -9.411256645468E-01,  6.782597989913E-01,  2.420269144831E-01,  7.558221462943E-02,  2.460734576567E+03,  3.181964587556E+02,  1.488261517270E+02
509, Split,379,386, 1.67664E+01,7.0294500409125507E-03,  1.200304841396E+01, -1.698363953874E+00,  3.141978107813E-02,  4.822993744413E-01, -7.086581814407E-02,  4.140921724175E-02,  5.624637565298E+02,  1.364344369053E+02,  3.846393323298E+01
510, Split,379,387, 1.67664E+01,5.6420639635047882E-03,  1.162927903686E+01, -1.726662009642E+00,  3.351525758283E-01,  2.527682227603E-01,  3.455957269694E-02, -1.115203569638E-02,  6.045299791073E+02,  1.623039307993E+02,  4.323467937283E+01
511, Split,383,389, 1.67883E+01,9.6543960810377249E-13,  1.169531250000E+01, -1.476562500000E+00,  9.609375000000E-01, -3.713933187969E-02,  4.699059742432E-02, -4.065553617924E-02,  0.000000000000E+00,  0.000000000000E+00,  0.000000000000E+00
512, Split,383,390, 1.67883E+01,1.0867036415261353E-02,  1.185101882712E+01, -1.316158444788E+00,  1.224882420687E+00,  3.328199182333E-01,  4.540173196463E-02,  6.477356978886E-02,  0.000000000000E+00,  0.000000000000E+00,  0.000000000000E+00
513, Merge,115;358;,391, 1.68103E+01,5.2084612552255473E-02
514, Split,1,392, 1.68103E+01,1.3896206757680696E-03,  1.152105800272E+01,  1.061476468657E+00, -3.584800145020E-01,  4.615828048379E-01, -1.184550562415E-01, -1.764714410813E-01,  2.726294231183E+01,  8.417780476857E+00,  2.571316730140E+00
515, Merge,328;337;,393, 1.68320E+01,5.0221683455646329E-03
516, Merge,1;310;,1, 1.68320E+01,1.2952980053432677E+01
517, Split,1,394, 1.68320E+01,6.1554389245807285E-05,  1.242205000453E+01, -3.545492437804E-01, -1.439976909908E+00,  5.721898538798E-01, -3.228916590914E-01, -1.838667745625E-01,  6.261721185082E+03,  1.255710710301E+03,  3.910787395841E+02
